word,start_time,end_time,speaker_tag
한국,0.30000000000000004,0.9,1
땅이,0.9,1.2,1
내,1.2,1.3,1
건,1.3,1.6,1
경제,1.6,2.2,1
청문회,2.2,2.7,1
여야,2.7,3.3,1
각,3.3,3.5,1
정당의,3.5,4.0,1
반응이,4.0,4.4,1
엇갈립니다,4.4,4.8,1
민주당과,4.8,5.7,1
바른미래당,5.7,6.3,1
정의당은,6.3,7.0,1
한국당이,7.0,7.9,1
억지를,7.9,8.4,1
부린다는,8.4,8.8,1
입장인,8.8,9.2,1
반면,9.2,9.3,1
에,9.3,9.6,1
한국당과,9.6,10.9,1
민주평화당,10.9,11.7,1
민주당이,11.7,12.8,1
청문회를,12.8,13.5,1
받아야,13.5,14.2,1
한다고,14.2,14.5,1
압박합니다,14.5,15.1,1
한국,0.30000000000000004,0.9,1
땅이,0.9,1.2,1
내,1.2,1.3,1
건,1.3,1.6,1
경제,1.6,2.2,1
청문회,2.2,2.7,1
여야,2.7,3.3,1
각,3.3,3.5,1
정당의,3.5,4.0,1
반응이,4.0,4.4,1
엇갈립니다,4.4,4.8,1
민주당과,4.8,5.7,1
바른미래당,5.7,6.3,1
정의당은,6.3,7.0,1
한국당이,7.0,7.9,1
억지를,7.9,8.4,1
부린다는,8.4,8.8,1
입장인,8.8,9.2,1
반면,9.2,9.3,1
에,9.3,9.6,1
한국당과,9.6,10.9,1
민주평화당,10.9,11.7,1
민주당이,11.7,12.8,1
청문회를,12.8,13.5,1
받아야,13.5,14.2,1
한다고,14.2,14.5,1
압박합니다,14.5,15.1,1
여론은,16.7,18.1,1
반대가,18.1,18.7,1
55%,18.7,19.4,1
로,19.4,19.8,1
찬성,19.8,20.3,1
31%,20.3,20.9,1
를,20.9,21.4,1
크게,21.4,21.8,1
앞지른,21.8,22.3,1
것으로,22.3,22.6,1
조사됐습니다,22.6,23.1,1
반대,23.1,24.0,1
여론이,24.0,24.3,1
높은,24.3,24.7,1
경제청,24.7,25.1,1
문제를,25.1,25.5,1
내,25.5,25.6,1
건,25.6,25.8,1
한국,25.8,26.2,1
땅이,26.2,26.6,1
문제가,26.6,26.8,1
앞으로,26.8,27.2,1
정당,27.2,27.7,1
지지도,27.7,27.9,1
그러면,27.9,28.5,1
어떤,28.5,28.9,1
영향을,28.9,29.3,1
미칠지,29.3,29.8,1
궁금합니다,29.8,30.6,1
숫자이동,30.6,31.6,1
지도,31.6,31.9,1
열어,31.9,32.2,1
내서,32.2,32.4,1
ytn,32.4,32.9,1
더,32.9,33.0,1
뉴스가,33.0,33.5,1
의,33.5,33.5,1
실시한,33.5,34.4,1
여론조사,34.4,35.0,1
결과,35.0,35.4,1
분석하겠습니다,35.4,36.0,1
이택수,36.0,37.0,1
리얼미터,37.0,37.4,1
대표,37.4,37.8,1
박지영,37.8,38.1,1
윈지코리아컨설팅,38.1,38.7,1
부대표,38.7,39.6,1
타기,39.6,39.8,1
하셨습니다,39.8,40.2,1
하십니까,40.2,41.1,1
안녕하세요,41.1,41.8,1
안녕하세요,41.8,42.5,1
경제,42.5,44.5,1
청문회,44.5,45.0,1
관련한,45.0,45.8,1
조사,45.8,46.2,1
결과,46.2,46.7,1
부터,46.7,47.0,1
다시,47.0,47.2,1
한번,47.2,47.4,1
정리를,47.4,47.8,1
하고,47.8,48.0,1
얘기를,48.0,48.5,1
이어가겠습니다,48.5,49.3,1
함께,49.3,50.0,1
보시죠,50.0,50.3,1
다,50.3,53.0,1
한국,53.0,53.3,1
땅이,53.3,53.6,1
요구한,53.6,54.0,1
경찰청,54.0,54.2,1
운세,54.2,54.6,1
응답자의,54.6,55.2,1
55.4%,55.2,56.2,1
가,56.2,56.7,1
반대하는,56.7,57.3,1
것으로,57.3,57.6,1
나타났습니다,57.6,58.2,1
찬성은,58.2,59.2,1
30.9%,59.2,60.6,1
였고요,60.6,61.2,1
모른다거나,61.2,62.2,1
응답하지,62.2,63.3,1
않음,63.3,63.6,1
비율은,63.6,64.1,1
13.7%,64.1,65.5,1
뛰었습니다,65.5,66.1,1
응답자를,66.1,68.0,1
지지정당,68.0,68.8,1
별로,68.8,69.2,1
나눠서,69.2,69.6,1
살펴보겠습니다,69.6,70.5,1
민주당,70.5,71.6,1
짐승의,71.6,72.1,1
결제,72.1,72.4,1
또,72.4,72.6,1
가도,72.6,73.1,1
높았습니다,73.1,73.5,1
응답자,73.5,74.4,1
중,74.4,74.5,1
민주당,74.5,75.2,1
지도층에,75.2,75.7,1
85.9,75.7,76.6,1
한국,0.30000000000000004,0.9,1
땅이,0.9,1.2,1
내,1.2,1.3,1
건,1.3,1.6,1
경제,1.6,2.2,1
청문회,2.2,2.7,1
여야,2.7,3.3,1
각,3.3,3.5,1
정당의,3.5,4.0,1
반응이,4.0,4.4,1
엇갈립니다,4.4,4.8,1
민주당과,4.8,5.7,1
바른미래당,5.7,6.3,1
정의당은,6.3,7.0,1
한국당이,7.0,7.9,1
억지를,7.9,8.4,1
부린다는,8.4,8.8,1
입장인,8.8,9.2,1
반면,9.2,9.3,1
에,9.3,9.6,1
한국당과,9.6,10.9,1
민주평화당,10.9,11.7,1
민주당이,11.7,12.8,1
청문회를,12.8,13.5,1
받아야,13.5,14.2,1
한다고,14.2,14.5,1
압박합니다,14.5,15.1,1
여론은,16.7,18.1,1
반대가,18.1,18.7,1
55%,18.7,19.4,1
로,19.4,19.8,1
찬성,19.8,20.3,1
31%,20.3,20.9,1
를,20.9,21.4,1
크게,21.4,21.8,1
앞지른,21.8,22.3,1
것으로,22.3,22.6,1
조사됐습니다,22.6,23.1,1
반대,23.1,24.0,1
여론이,24.0,24.3,1
높은,24.3,24.7,1
경제청,24.7,25.1,1
문제를,25.1,25.5,1
내,25.5,25.6,1
건,25.6,25.8,1
한국,25.8,26.2,1
땅이,26.2,26.6,1
문제가,26.6,26.8,1
앞으로,26.8,27.2,1
정당,27.2,27.7,1
지지도,27.7,27.9,1
그러면,27.9,28.5,1
어떤,28.5,28.9,1
영향을,28.9,29.3,1
미칠지,29.3,29.8,1
궁금합니다,29.8,30.6,1
숫자이동,30.6,31.6,1
지도,31.6,31.9,1
열어,31.9,32.2,1
내서,32.2,32.4,1
ytn,32.4,32.9,1
더,32.9,33.0,1
뉴스가,33.0,33.5,1
의,33.5,33.5,1
실시한,33.5,34.4,1
여론조사,34.4,35.0,1
결과,35.0,35.4,1
분석하겠습니다,35.4,36.0,1
이택수,36.0,37.0,1
리얼미터,37.0,37.4,1
대표,37.4,37.8,1
박지영,37.8,38.1,1
윈지코리아컨설팅,38.1,38.7,1
부대표,38.7,39.6,1
타기,39.6,39.8,1
하셨습니다,39.8,40.2,1
하십니까,40.2,41.1,1
안녕하세요,41.1,41.8,1
안녕하세요,41.8,42.5,1
경제,42.5,44.5,1
청문회,44.5,45.0,1
관련한,45.0,45.8,1
조사,45.8,46.2,1
결과,46.2,46.7,1
부터,46.7,47.0,1
다시,47.0,47.2,1
한번,47.2,47.4,1
정리를,47.4,47.8,1
하고,47.8,48.0,1
얘기를,48.0,48.5,1
이어가겠습니다,48.5,49.3,1
함께,49.3,50.0,1
보시죠,50.0,50.3,1
다,50.3,53.0,1
한국,53.0,53.3,1
땅이,53.3,53.6,1
요구한,53.6,54.0,1
경찰청,54.0,54.2,1
운세,54.2,54.6,1
응답자의,54.6,55.2,1
55.4%,55.2,56.2,1
가,56.2,56.7,1
반대하는,56.7,57.3,1
것으로,57.3,57.6,1
나타났습니다,57.6,58.2,1
찬성은,58.2,59.2,1
30.9%,59.2,60.6,1
였고요,60.6,61.2,1
모른다거나,61.2,62.2,1
응답하지,62.2,63.3,1
않음,63.3,63.6,1
비율은,63.6,64.1,1
13.7%,64.1,65.5,1
뛰었습니다,65.5,66.1,1
응답자를,66.1,68.0,1
지지정당,68.0,68.8,1
별로,68.8,69.2,1
나눠서,69.2,69.6,1
살펴보겠습니다,69.6,70.5,1
민주당,70.5,71.6,1
짐승의,71.6,72.1,1
결제,72.1,72.4,1
또,72.4,72.6,1
가도,72.6,73.1,1
높았습니다,73.1,73.5,1
응답자,73.5,74.4,1
중,74.4,74.5,1
민주당,74.5,75.2,1
지도층에,75.2,75.7,1
85.9,75.7,76.6,1
퍼센트는,76.6,77.3,1
반대했고,77.3,78.0,1
한국땅을,78.0,79.1,1
지지하는,79.1,79.5,1
응답자는,79.5,80.0,1
68.2%,80.0,81.4,1
가,81.4,82.0,1
찬성하는,82.0,82.9,1
것으로,82.9,83.1,1
나타났습니다,83.1,83.7,1
정치,83.7,85.7,1
성향,85.7,86.0,1
별로,86.0,86.5,1
나눠서,86.5,86.9,1
조사한,86.9,87.4,1
결과에서도,87.4,87.9,1
진보측,87.9,88.8,1
의,88.8,88.9,1
반대,88.9,89.3,1
여론이,89.3,89.7,1
보수층의,89.7,90.4,1
찬성,90.4,90.8,1
여름보다,90.8,91.3,1
경고했습니다,91.3,91.8,1
봉투,91.8,92.9,1
측에서의,92.9,93.7,1
반대,93.7,94.2,1
여론이,94.2,94.5,1
35.8%,94.5,95.9,1
로,95.9,96.3,1
경제,96.3,97.0,1
청문회를,97.0,97.5,1
정치공세로,97.5,98.4,1
보내,98.4,98.6,1
시각도,98.6,99.1,1
포스팅에서도,99.1,100.0,1
적지,100.0,100.4,1
않아,100.4,100.5,1
중고책,100.5,101.8,1
전체,101.8,102.4,1
여론,102.4,102.8,1
부도와,102.8,103.3,1
비슷했습니다,103.3,103.9,1
정치,103.9,105.8,1
성향,105.8,106.0,1
결론은,106.0,106.6,1
중도층이,106.6,107.1,1
전체,107.1,107.5,1
여론과,107.5,108.1,1
비슷해,108.1,108.4,1
따면,108.4,108.9,1
지역별로,108.9,109.5,1
나는,109.5,109.8,1
수도권과,109.8,110.7,1
충청권을,110.7,110.8,1
그랬습니다,110.8,112.3,1
결과를,112.3,114.2,1
좀,114.2,114.4,1
봤습니다,114.4,114.6,1
찬송,114.6,115.3,1
30.9%,115.3,116.8,1
돼,116.8,117.6,1
반대,117.6,118.2,1
55.4%,118.2,119.5,1
대표님,119.5,120.6,1
한국,120.6,120.9,1
땅에,120.9,121.1,1
이런,121.1,121.4,1
여러,121.4,121.6,1
오늘,121.6,121.9,1
예상,121.9,122.2,1
했을까요,122.2,122.7,1
예상하지,122.7,123.7,1
못했을,123.7,124.0,1
것,124.0,124.1,1
같습니다,124.1,124.5,1
일단,124.5,124.9,1
뭐,124.9,125.2,1
큰,125.2,125.9,1
틀에서의,125.9,126.5,1
결과는,126.5,127.5,1
55.4,127.5,128.1,1
돼,128.1,128.3,1
30.9,128.3,128.9,1
예상가,128.9,130.8,1
크게,130.8,131.1,1
다르지,131.1,131.7,1
않은,131.7,132.0,1
듯,132.0,132.3,1
세부적으로,132.3,133.0,1
보면,133.0,133.1,1
이런,133.1,134.3,1
감정,134.3,134.6,1
보수층,134.6,135.2,1
일하는,135.2,135.7,1
중이라,135.7,136.6,1
한국,0.30000000000000004,0.9,1
땅이,0.9,1.2,1
내,1.2,1.3,1
건,1.3,1.6,1
경제,1.6,2.2,1
청문회,2.2,2.7,1
여야,2.7,3.3,1
각,3.3,3.5,1
정당의,3.5,4.0,1
반응이,4.0,4.4,1
엇갈립니다,4.4,4.8,1
민주당과,4.8,5.7,1
바른미래당,5.7,6.3,1
정의당은,6.3,7.0,1
한국당이,7.0,7.9,1
억지를,7.9,8.4,1
부린다는,8.4,8.8,1
입장인,8.8,9.2,1
반면,9.2,9.3,1
에,9.3,9.6,1
한국당과,9.6,10.9,1
민주평화당,10.9,11.7,1
민주당이,11.7,12.8,1
청문회를,12.8,13.5,1
받아야,13.5,14.2,1
한다고,14.2,14.5,1
압박합니다,14.5,15.1,1
여론은,16.7,18.1,1
반대가,18.1,18.7,1
55%,18.7,19.4,1
로,19.4,19.8,1
찬성,19.8,20.3,1
31%,20.3,20.9,1
를,20.9,21.4,1
크게,21.4,21.8,1
앞지른,21.8,22.3,1
것으로,22.3,22.6,1
조사됐습니다,22.6,23.1,1
반대,23.1,24.0,1
여론이,24.0,24.3,1
높은,24.3,24.7,1
경제청,24.7,25.1,1
문제를,25.1,25.5,1
내,25.5,25.6,1
건,25.6,25.8,1
한국,25.8,26.2,1
땅이,26.2,26.6,1
문제가,26.6,26.8,1
앞으로,26.8,27.2,1
정당,27.2,27.7,1
지지도,27.7,27.9,1
그러면,27.9,28.5,1
어떤,28.5,28.9,1
영향을,28.9,29.3,1
미칠지,29.3,29.8,1
궁금합니다,29.8,30.6,1
숫자이동,30.6,31.6,1
지도,31.6,31.9,1
열어,31.9,32.2,1
내서,32.2,32.4,1
ytn,32.4,32.9,1
더,32.9,33.0,1
뉴스가,33.0,33.5,1
의,33.5,33.5,1
실시한,33.5,34.4,1
여론조사,34.4,35.0,1
결과,35.0,35.4,1
분석하겠습니다,35.4,36.0,1
이택수,36.0,37.0,1
리얼미터,37.0,37.4,1
대표,37.4,37.8,1
박지영,37.8,38.1,1
윈지코리아컨설팅,38.1,38.7,1
부대표,38.7,39.6,1
타기,39.6,39.8,1
하셨습니다,39.8,40.2,1
하십니까,40.2,41.1,1
안녕하세요,41.1,41.8,1
안녕하세요,41.8,42.5,1
경제,42.5,44.5,1
청문회,44.5,45.0,1
관련한,45.0,45.8,1
조사,45.8,46.2,1
결과,46.2,46.7,1
부터,46.7,47.0,1
다시,47.0,47.2,1
한번,47.2,47.4,1
정리를,47.4,47.8,1
하고,47.8,48.0,1
얘기를,48.0,48.5,1
이어가겠습니다,48.5,49.3,1
함께,49.3,50.0,1
보시죠,50.0,50.3,1
다,50.3,53.0,1
한국,53.0,53.3,1
땅이,53.3,53.6,1
요구한,53.6,54.0,1
경찰청,54.0,54.2,1
운세,54.2,54.6,1
응답자의,54.6,55.2,1
55.4%,55.2,56.2,1
가,56.2,56.7,1
반대하는,56.7,57.3,1
것으로,57.3,57.6,1
나타났습니다,57.6,58.2,1
찬성은,58.2,59.2,1
30.9%,59.2,60.6,1
였고요,60.6,61.2,1
모른다거나,61.2,62.2,1
응답하지,62.2,63.3,1
않음,63.3,63.6,1
비율은,63.6,64.1,1
13.7%,64.1,65.5,1
뛰었습니다,65.5,66.1,1
응답자를,66.1,68.0,1
지지정당,68.0,68.8,1
별로,68.8,69.2,1
나눠서,69.2,69.6,1
살펴보겠습니다,69.6,70.5,1
민주당,70.5,71.6,1
짐승의,71.6,72.1,1
결제,72.1,72.4,1
또,72.4,72.6,1
가도,72.6,73.1,1
높았습니다,73.1,73.5,1
응답자,73.5,74.4,1
중,74.4,74.5,1
민주당,74.5,75.2,1
지도층에,75.2,75.7,1
85.9,75.7,76.6,1
퍼센트는,76.6,77.3,1
반대했고,77.3,78.0,1
한국땅을,78.0,79.1,1
지지하는,79.1,79.5,1
응답자는,79.5,80.0,1
68.2%,80.0,81.4,1
가,81.4,82.0,1
찬성하는,82.0,82.9,1
것으로,82.9,83.1,1
나타났습니다,83.1,83.7,1
정치,83.7,85.7,1
성향,85.7,86.0,1
별로,86.0,86.5,1
나눠서,86.5,86.9,1
조사한,86.9,87.4,1
결과에서도,87.4,87.9,1
진보측,87.9,88.8,1
의,88.8,88.9,1
반대,88.9,89.3,1
여론이,89.3,89.7,1
보수층의,89.7,90.4,1
찬성,90.4,90.8,1
여름보다,90.8,91.3,1
경고했습니다,91.3,91.8,1
봉투,91.8,92.9,1
측에서의,92.9,93.7,1
반대,93.7,94.2,1
여론이,94.2,94.5,1
35.8%,94.5,95.9,1
로,95.9,96.3,1
경제,96.3,97.0,1
청문회를,97.0,97.5,1
정치공세로,97.5,98.4,1
보내,98.4,98.6,1
시각도,98.6,99.1,1
포스팅에서도,99.1,100.0,1
적지,100.0,100.4,1
않아,100.4,100.5,1
중고책,100.5,101.8,1
전체,101.8,102.4,1
여론,102.4,102.8,1
부도와,102.8,103.3,1
비슷했습니다,103.3,103.9,1
정치,103.9,105.8,1
성향,105.8,106.0,1
결론은,106.0,106.6,1
중도층이,106.6,107.1,1
전체,107.1,107.5,1
여론과,107.5,108.1,1
비슷해,108.1,108.4,1
따면,108.4,108.9,1
지역별로,108.9,109.5,1
나는,109.5,109.8,1
수도권과,109.8,110.7,1
충청권을,110.7,110.8,1
그랬습니다,110.8,112.3,1
결과를,112.3,114.2,1
좀,114.2,114.4,1
봤습니다,114.4,114.6,1
찬송,114.6,115.3,1
30.9%,115.3,116.8,1
돼,116.8,117.6,1
반대,117.6,118.2,1
55.4%,118.2,119.5,1
대표님,119.5,120.6,1
한국,120.6,120.9,1
땅에,120.9,121.1,1
이런,121.1,121.4,1
여러,121.4,121.6,1
오늘,121.6,121.9,1
예상,121.9,122.2,1
했을까요,122.2,122.7,1
예상하지,122.7,123.7,1
못했을,123.7,124.0,1
것,124.0,124.1,1
같습니다,124.1,124.5,1
일단,124.5,124.9,1
뭐,124.9,125.2,1
큰,125.2,125.9,1
틀에서의,125.9,126.5,1
결과는,126.5,127.5,1
55.4,127.5,128.1,1
돼,128.1,128.3,1
30.9,128.3,128.9,1
예상가,128.9,130.8,1
크게,130.8,131.1,1
다르지,131.1,131.7,1
않은,131.7,132.0,1
듯,132.0,132.3,1
세부적으로,132.3,133.0,1
보면,133.0,133.1,1
이런,133.1,134.3,1
감정,134.3,134.6,1
보수층,134.6,135.2,1
일하는,135.2,135.7,1
중이라,135.7,136.6,1
건지,136.6,136.9,1
아니면,136.9,137.3,1
한국당,137.3,138.1,1
지지율,138.1,138.2,1
제외하고는,138.2,138.9,1
대부분의,138.9,139.4,1
계층에서,139.4,140.0,1
지금,140.0,140.9,1
반대하는,140.9,141.4,1
의견이,141.4,141.7,1
높게,141.7,142.2,1
나타난다,142.2,142.6,1
민요,142.6,143.0,1
그것은,143.0,144.2,1
제,144.2,144.4,1
2항에서,144.4,145.2,1
내세운,145.2,145.7,1
명분은,145.7,146.3,1
이게,146.3,146.8,1
진정성,146.8,147.7,1
있는,147.7,147.8,1
야,147.8,148.1,1
그,148.1,148.6,1
동안의,148.6,148.8,1
국회정상화,148.8,149.3,1
라든지,149.3,149.9,1
규정에,149.9,150.8,1
따른,150.8,151.3,1
무노동,151.3,152.6,1
무임금,152.6,152.7,1
국민소환제,152.7,153.8,1
여론이,153.8,154.8,1
굉장히,154.8,155.1,1
안,155.1,155.3,1
좋아,155.3,155.4,1
썼거든요,155.4,156.0,1
그렇기,156.0,156.7,1
때문에,156.7,157.1,1
결국에는,157.1,158.0,1
이,158.0,158.8,1
수조차도,158.8,159.8,1
부케를,159.8,161.0,1
지금,161.0,161.8,1
정사,161.8,162.7,1
하는데,162.7,163.1,1
우리도,163.1,163.9,1
이제,163.9,164.3,1
그,164.3,164.7,1
반대일,164.7,165.6,1
요소로,165.6,166.2,1
작용할,166.2,166.5,1
키,166.5,166.7,1
규현,166.7,167.0,1
어떤,167.0,167.7,1
실띄우기,167.7,168.5,1
아니야,168.5,168.9,1
이렇게,168.9,169.0,1
본,169.0,169.3,1
계층들이,169.3,170.6,1
많았던,170.6,171.0,1
거,171.0,171.1,1
같아요,171.1,171.5,1
그래서,171.5,171.7,1
엉덩이,171.7,173.2,1
예상치,173.2,174.3,1
못한,174.3,174.6,1
세부적인,174.6,175.3,1
그런,175.3,175.6,1
결혼,175.6,175.9,1
응,175.9,176.5,1
답들이,176.5,176.9,1
나온,176.9,177.0,1
거,177.0,177.1,1
같습니다,177.1,177.2,1
항상,177.2,178.3,1
입장에서는,178.3,179.1,1
다른,179.1,180.5,1
것보다,180.5,180.8,1
보수층,180.8,181.6,1
내에서,181.6,182.3,1
35.8%,182.3,183.2,1
나,183.2,183.7,1
반대를,183.7,184.6,1
하고,184.6,184.8,1
있는,184.8,185.1,1
이,185.1,185.2,1
부분이,185.2,185.6,1
좀,185.6,185.7,1
아팠을,185.7,186.1,1
것,186.1,186.2,1
같습니다,186.2,186.6,1
2층에서,186.6,187.6,1
홍이,187.6,188.0,1
뜨겁지,188.0,188.6,1
안타,188.6,189.0,1
평가할,189.0,190.4,1
수,190.4,190.5,1
있을,190.5,190.7,1
것,190.7,190.8,1
같은데,190.8,191.2,1
지금,191.2,191.9,1
국제공구전,191.9,192.8,1
사태가,192.8,193.5,1
벌써,193.5,193.7,1
두,193.7,193.9,1
달이,193.9,194.1,1
너무,194.1,194.3,1
같지,194.3,194.6,1
않습니까,194.6,194.9,1
한국,0.30000000000000004,0.9,1
땅이,0.9,1.2,1
내,1.2,1.3,1
건,1.3,1.6,1
경제,1.6,2.2,1
청문회,2.2,2.7,1
여야,2.7,3.3,1
각,3.3,3.5,1
정당의,3.5,4.0,1
반응이,4.0,4.4,1
엇갈립니다,4.4,4.8,1
민주당과,4.8,5.7,1
바른미래당,5.7,6.3,1
정의당은,6.3,7.0,1
한국당이,7.0,7.9,1
억지를,7.9,8.4,1
부린다는,8.4,8.8,1
입장인,8.8,9.2,1
반면,9.2,9.3,1
에,9.3,9.6,1
한국당과,9.6,10.9,1
민주평화당,10.9,11.7,1
민주당이,11.7,12.8,1
청문회를,12.8,13.5,1
받아야,13.5,14.2,1
한다고,14.2,14.5,1
압박합니다,14.5,15.1,1
여론은,16.7,18.1,1
반대가,18.1,18.7,1
55%,18.7,19.4,1
로,19.4,19.8,1
찬성,19.8,20.3,1
31%,20.3,20.9,1
를,20.9,21.4,1
크게,21.4,21.8,1
앞지른,21.8,22.3,1
것으로,22.3,22.6,1
조사됐습니다,22.6,23.1,1
반대,23.1,24.0,1
여론이,24.0,24.3,1
높은,24.3,24.7,1
경제청,24.7,25.1,1
문제를,25.1,25.5,1
내,25.5,25.6,1
건,25.6,25.8,1
한국,25.8,26.2,1
땅이,26.2,26.6,1
문제가,26.6,26.8,1
앞으로,26.8,27.2,1
정당,27.2,27.7,1
지지도,27.7,27.9,1
그러면,27.9,28.5,1
어떤,28.5,28.9,1
영향을,28.9,29.3,1
미칠지,29.3,29.8,1
궁금합니다,29.8,30.6,1
숫자이동,30.6,31.6,1
지도,31.6,31.9,1
열어,31.9,32.2,1
내서,32.2,32.4,1
ytn,32.4,32.9,1
더,32.9,33.0,1
뉴스가,33.0,33.5,1
의,33.5,33.5,1
실시한,33.5,34.4,1
여론조사,34.4,35.0,1
결과,35.0,35.4,1
분석하겠습니다,35.4,36.0,1
이택수,36.0,37.0,1
리얼미터,37.0,37.4,1
대표,37.4,37.8,1
박지영,37.8,38.1,1
윈지코리아컨설팅,38.1,38.7,1
부대표,38.7,39.6,1
타기,39.6,39.8,1
하셨습니다,39.8,40.2,1
하십니까,40.2,41.1,1
안녕하세요,41.1,41.8,1
안녕하세요,41.8,42.5,1
경제,42.5,44.5,1
청문회,44.5,45.0,1
관련한,45.0,45.8,1
조사,45.8,46.2,1
결과,46.2,46.7,1
부터,46.7,47.0,1
다시,47.0,47.2,1
한번,47.2,47.4,1
정리를,47.4,47.8,1
하고,47.8,48.0,1
얘기를,48.0,48.5,1
이어가겠습니다,48.5,49.3,1
함께,49.3,50.0,1
보시죠,50.0,50.3,1
다,50.3,53.0,1
한국,53.0,53.3,1
땅이,53.3,53.6,1
요구한,53.6,54.0,1
경찰청,54.0,54.2,1
운세,54.2,54.6,1
응답자의,54.6,55.2,1
55.4%,55.2,56.2,1
가,56.2,56.7,1
반대하는,56.7,57.3,1
것으로,57.3,57.6,1
나타났습니다,57.6,58.2,1
찬성은,58.2,59.2,1
30.9%,59.2,60.6,1
였고요,60.6,61.2,1
모른다거나,61.2,62.2,1
응답하지,62.2,63.3,1
않음,63.3,63.6,1
비율은,63.6,64.1,1
13.7%,64.1,65.5,1
뛰었습니다,65.5,66.1,1
응답자를,66.1,68.0,1
지지정당,68.0,68.8,1
별로,68.8,69.2,1
나눠서,69.2,69.6,1
살펴보겠습니다,69.6,70.5,1
민주당,70.5,71.6,1
짐승의,71.6,72.1,1
결제,72.1,72.4,1
또,72.4,72.6,1
가도,72.6,73.1,1
높았습니다,73.1,73.5,1
응답자,73.5,74.4,1
중,74.4,74.5,1
민주당,74.5,75.2,1
지도층에,75.2,75.7,1
85.9,75.7,76.6,1
퍼센트는,76.6,77.3,1
반대했고,77.3,78.0,1
한국땅을,78.0,79.1,1
지지하는,79.1,79.5,1
응답자는,79.5,80.0,1
68.2%,80.0,81.4,1
가,81.4,82.0,1
찬성하는,82.0,82.9,1
것으로,82.9,83.1,1
나타났습니다,83.1,83.7,1
정치,83.7,85.7,1
성향,85.7,86.0,1
별로,86.0,86.5,1
나눠서,86.5,86.9,1
조사한,86.9,87.4,1
결과에서도,87.4,87.9,1
진보측,87.9,88.8,1
의,88.8,88.9,1
반대,88.9,89.3,1
여론이,89.3,89.7,1
보수층의,89.7,90.4,1
찬성,90.4,90.8,1
여름보다,90.8,91.3,1
경고했습니다,91.3,91.8,1
봉투,91.8,92.9,1
측에서의,92.9,93.7,1
반대,93.7,94.2,1
여론이,94.2,94.5,1
35.8%,94.5,95.9,1
로,95.9,96.3,1
경제,96.3,97.0,1
청문회를,97.0,97.5,1
정치공세로,97.5,98.4,1
보내,98.4,98.6,1
시각도,98.6,99.1,1
포스팅에서도,99.1,100.0,1
적지,100.0,100.4,1
않아,100.4,100.5,1
중고책,100.5,101.8,1
전체,101.8,102.4,1
여론,102.4,102.8,1
부도와,102.8,103.3,1
비슷했습니다,103.3,103.9,1
정치,103.9,105.8,1
성향,105.8,106.0,1
결론은,106.0,106.6,1
중도층이,106.6,107.1,1
전체,107.1,107.5,1
여론과,107.5,108.1,1
비슷해,108.1,108.4,1
따면,108.4,108.9,1
지역별로,108.9,109.5,1
나는,109.5,109.8,1
수도권과,109.8,110.7,1
충청권을,110.7,110.8,1
그랬습니다,110.8,112.3,1
결과를,112.3,114.2,1
좀,114.2,114.4,1
봤습니다,114.4,114.6,1
찬송,114.6,115.3,1
30.9%,115.3,116.8,1
돼,116.8,117.6,1
반대,117.6,118.2,1
55.4%,118.2,119.5,1
대표님,119.5,120.6,1
한국,120.6,120.9,1
땅에,120.9,121.1,1
이런,121.1,121.4,1
여러,121.4,121.6,1
오늘,121.6,121.9,1
예상,121.9,122.2,1
했을까요,122.2,122.7,1
예상하지,122.7,123.7,1
못했을,123.7,124.0,1
것,124.0,124.1,1
같습니다,124.1,124.5,1
일단,124.5,124.9,1
뭐,124.9,125.2,1
큰,125.2,125.9,1
틀에서의,125.9,126.5,1
결과는,126.5,127.5,1
55.4,127.5,128.1,1
돼,128.1,128.3,1
30.9,128.3,128.9,1
예상가,128.9,130.8,1
크게,130.8,131.1,1
다르지,131.1,131.7,1
않은,131.7,132.0,1
듯,132.0,132.3,1
세부적으로,132.3,133.0,1
보면,133.0,133.1,1
이런,133.1,134.3,1
감정,134.3,134.6,1
보수층,134.6,135.2,1
일하는,135.2,135.7,1
중이라,135.7,136.6,1
건지,136.6,136.9,1
아니면,136.9,137.3,1
한국당,137.3,138.1,1
지지율,138.1,138.2,1
제외하고는,138.2,138.9,1
대부분의,138.9,139.4,1
계층에서,139.4,140.0,1
지금,140.0,140.9,1
반대하는,140.9,141.4,1
의견이,141.4,141.7,1
높게,141.7,142.2,1
나타난다,142.2,142.6,1
민요,142.6,143.0,1
그것은,143.0,144.2,1
제,144.2,144.4,1
2항에서,144.4,145.2,1
내세운,145.2,145.7,1
명분은,145.7,146.3,1
이게,146.3,146.8,1
진정성,146.8,147.7,1
있는,147.7,147.8,1
야,147.8,148.1,1
그,148.1,148.6,1
동안의,148.6,148.8,1
국회정상화,148.8,149.3,1
라든지,149.3,149.9,1
규정에,149.9,150.8,1
따른,150.8,151.3,1
무노동,151.3,152.6,1
무임금,152.6,152.7,1
국민소환제,152.7,153.8,1
여론이,153.8,154.8,1
굉장히,154.8,155.1,1
안,155.1,155.3,1
좋아,155.3,155.4,1
썼거든요,155.4,156.0,1
그렇기,156.0,156.7,1
때문에,156.7,157.1,1
결국에는,157.1,158.0,1
이,158.0,158.8,1
수조차도,158.8,159.8,1
부케를,159.8,161.0,1
지금,161.0,161.8,1
정사,161.8,162.7,1
하는데,162.7,163.1,1
우리도,163.1,163.9,1
이제,163.9,164.3,1
그,164.3,164.7,1
반대일,164.7,165.6,1
요소로,165.6,166.2,1
작용할,166.2,166.5,1
키,166.5,166.7,1
규현,166.7,167.0,1
어떤,167.0,167.7,1
실띄우기,167.7,168.5,1
아니야,168.5,168.9,1
이렇게,168.9,169.0,1
본,169.0,169.3,1
계층들이,169.3,170.6,1
많았던,170.6,171.0,1
거,171.0,171.1,1
같아요,171.1,171.5,1
그래서,171.5,171.7,1
엉덩이,171.7,173.2,1
예상치,173.2,174.3,1
못한,174.3,174.6,1
세부적인,174.6,175.3,1
그런,175.3,175.6,1
결혼,175.6,175.9,1
응,175.9,176.5,1
답들이,176.5,176.9,1
나온,176.9,177.0,1
거,177.0,177.1,1
같습니다,177.1,177.2,1
항상,177.2,178.3,1
입장에서는,178.3,179.1,1
다른,179.1,180.5,1
것보다,180.5,180.8,1
보수층,180.8,181.6,1
내에서,181.6,182.3,1
35.8%,182.3,183.2,1
나,183.2,183.7,1
반대를,183.7,184.6,1
하고,184.6,184.8,1
있는,184.8,185.1,1
이,185.1,185.2,1
부분이,185.2,185.6,1
좀,185.6,185.7,1
아팠을,185.7,186.1,1
것,186.1,186.2,1
같습니다,186.2,186.6,1
2층에서,186.6,187.6,1
홍이,187.6,188.0,1
뜨겁지,188.0,188.6,1
안타,188.6,189.0,1
평가할,189.0,190.4,1
수,190.4,190.5,1
있을,190.5,190.7,1
것,190.7,190.8,1
같은데,190.8,191.2,1
지금,191.2,191.9,1
국제공구전,191.9,192.8,1
사태가,192.8,193.5,1
벌써,193.5,193.7,1
두,193.7,193.9,1
달이,193.9,194.1,1
너무,194.1,194.3,1
같지,194.3,194.6,1
않습니까,194.6,194.9,1
비판,196.6,198.0,1
여론이,198.0,198.2,1
경제,198.2,198.5,1
따갑습니다,198.5,199.0,1
한국당,199.0,200.1,1
쪽에,200.1,200.4,1
초점이,200.4,201.3,1
좀,201.3,201.5,1
써,201.5,201.7,1
가지고,201.7,201.8,1
있거든요,201.8,202.3,1
비판,202.3,202.7,1
여론이,202.7,203.1,1
그러다,203.1,204.0,1
보니까,204.0,204.5,1
이걸,204.5,205.1,1
처음부터,205.1,205.9,1
너를,205.9,206.4,1
좀,206.4,206.6,1
국회정상화,206.6,207.1,1
조건으로,207.1,207.9,1
이,207.9,208.5,1
문제를,208.5,209.0,1
경제,209.0,209.8,1
청문회를,209.8,210.2,1
내,210.2,210.4,1
걸었으면,210.4,211.0,1
한국,211.0,211.8,1
땅이,211.8,212.0,1
진정성이란,212.0,212.6,1
며느리,212.6,213.2,1
평가,213.2,213.8,1
해,213.8,213.9,1
줄,213.9,214.0,1
수도,214.0,214.2,1
있겠지만,214.2,214.6,1
그렇지,214.6,215.1,1
않았거든요,215.1,215.6,1
처음에는,215.6,216.1,1
패스트,216.1,216.9,1
트랙이,216.9,217.2,1
대한,217.2,217.5,1
어떤,217.5,217.8,1
철야,217.8,218.2,1
사과,218.2,218.6,1
이런,218.6,219.1,1
거에,219.1,219.3,1
집중,219.3,219.7,1
되다가,219.7,220.1,1
갑자기,220.1,220.6,1
인제,220.6,221.2,1
협상이,221.2,221.6,1
잘,221.6,221.8,1
안,221.8,222.0,1
되니까,222.0,222.3,1
거기에,222.3,222.8,1
이제,222.8,222.9,1
더,222.9,223.1,1
얹혀서,223.1,223.6,1
이경제,223.6,224.6,1
청문회까지,224.6,225.0,1
들고,225.0,225.4,1
나왔거든,225.4,225.8,1
그러다,225.8,226.2,1
보니까,226.2,226.5,1
이게,226.5,226.7,1
진정성이,226.7,227.6,1
있기보다는,227.6,228.2,1
시간,228.2,228.6,1
끌기,228.6,229.0,1
용,229.0,229.2,1
지연전술,229.2,230.1,1
의,230.1,230.2,1
일환으로,230.2,230.4,1
정치공세에,230.4,232.0,1
일환으로,232.0,232.3,1
이,232.3,232.8,1
문제를,232.8,233.4,1
들고,233.4,233.6,1
나온,233.6,233.9,1
게,233.9,234.0,1
아닌가,234.0,234.4,1
그렇게,234.4,235.2,1
받아들이는,235.2,236.3,1
거야,236.3,236.5,1
그러면,236.5,237.5,1
계속,237.5,237.8,1
그의,237.8,238.5,1
주장을,238.5,239.1,1
이어가면서,239.1,240.1,1
여러,240.1,240.4,1
지역에서,240.4,241.3,1
나빠지지,241.3,241.8,1
않겠습니까,241.8,242.1,1
저는,242.1,242.6,1
만약에,242.6,243.0,1
오늘,243.0,243.3,1
이제,243.3,243.7,1
그,243.7,244.1,1
바른미래당,244.1,245.1,1
의원,245.1,245.2,1
총회,245.2,245.6,1
다,245.6,245.7,1
하고,245.7,245.9,1
민주당도,245.9,246.4,1
현충일,246.4,246.9,1
하는데,246.9,247.4,1
여야,247.4,248.2,1
사당이,248.2,248.9,1
협의를,248.9,250.4,1
해서,250.4,250.6,1
저녁에,250.6,251.2,1
쿠키,251.2,251.5,1
문을,251.5,251.8,1
연다,251.8,252.1,1
한국,252.1,252.7,1
돈,252.7,252.8,1
반대한다,252.8,253.4,1
많으니,253.4,254.2,1
국면이,254.2,254.7,1
지속되면,254.7,255.5,1
지속될수록,255.5,256.1,1
한국,0.30000000000000004,0.9,1
땅이,0.9,1.2,1
내,1.2,1.3,1
건,1.3,1.6,1
경제,1.6,2.2,1
청문회,2.2,2.7,1
여야,2.7,3.3,1
각,3.3,3.5,1
정당의,3.5,4.0,1
반응이,4.0,4.4,1
엇갈립니다,4.4,4.8,1
민주당과,4.8,5.7,1
바른미래당,5.7,6.3,1
정의당은,6.3,7.0,1
한국당이,7.0,7.9,1
억지를,7.9,8.4,1
부린다는,8.4,8.8,1
입장인,8.8,9.2,1
반면,9.2,9.3,1
에,9.3,9.6,1
한국당과,9.6,10.9,1
민주평화당,10.9,11.7,1
민주당이,11.7,12.8,1
청문회를,12.8,13.5,1
받아야,13.5,14.2,1
한다고,14.2,14.5,1
압박합니다,14.5,15.1,1
여론은,16.7,18.1,1
반대가,18.1,18.7,1
55%,18.7,19.4,1
로,19.4,19.8,1
찬성,19.8,20.3,1
31%,20.3,20.9,1
를,20.9,21.4,1
크게,21.4,21.8,1
앞지른,21.8,22.3,1
것으로,22.3,22.6,1
조사됐습니다,22.6,23.1,1
반대,23.1,24.0,1
여론이,24.0,24.3,1
높은,24.3,24.7,1
경제청,24.7,25.1,1
문제를,25.1,25.5,1
내,25.5,25.6,1
건,25.6,25.8,1
한국,25.8,26.2,1
땅이,26.2,26.6,1
문제가,26.6,26.8,1
앞으로,26.8,27.2,1
정당,27.2,27.7,1
지지도,27.7,27.9,1
그러면,27.9,28.5,1
어떤,28.5,28.9,1
영향을,28.9,29.3,1
미칠지,29.3,29.8,1
궁금합니다,29.8,30.6,1
숫자이동,30.6,31.6,1
지도,31.6,31.9,1
열어,31.9,32.2,1
내서,32.2,32.4,1
ytn,32.4,32.9,1
더,32.9,33.0,1
뉴스가,33.0,33.5,1
의,33.5,33.5,1
실시한,33.5,34.4,1
여론조사,34.4,35.0,1
결과,35.0,35.4,1
분석하겠습니다,35.4,36.0,1
이택수,36.0,37.0,1
리얼미터,37.0,37.4,1
대표,37.4,37.8,1
박지영,37.8,38.1,1
윈지코리아컨설팅,38.1,38.7,1
부대표,38.7,39.6,1
타기,39.6,39.8,1
하셨습니다,39.8,40.2,1
하십니까,40.2,41.1,1
안녕하세요,41.1,41.8,1
안녕하세요,41.8,42.5,1
경제,42.5,44.5,1
청문회,44.5,45.0,1
관련한,45.0,45.8,1
조사,45.8,46.2,1
결과,46.2,46.7,1
부터,46.7,47.0,1
다시,47.0,47.2,1
한번,47.2,47.4,1
정리를,47.4,47.8,1
하고,47.8,48.0,1
얘기를,48.0,48.5,1
이어가겠습니다,48.5,49.3,1
함께,49.3,50.0,1
보시죠,50.0,50.3,1
다,50.3,53.0,1
한국,53.0,53.3,1
땅이,53.3,53.6,1
요구한,53.6,54.0,1
경찰청,54.0,54.2,1
운세,54.2,54.6,1
응답자의,54.6,55.2,1
55.4%,55.2,56.2,1
가,56.2,56.7,1
반대하는,56.7,57.3,1
것으로,57.3,57.6,1
나타났습니다,57.6,58.2,1
찬성은,58.2,59.2,1
30.9%,59.2,60.6,1
였고요,60.6,61.2,1
모른다거나,61.2,62.2,1
응답하지,62.2,63.3,1
않음,63.3,63.6,1
비율은,63.6,64.1,1
13.7%,64.1,65.5,1
뛰었습니다,65.5,66.1,1
응답자를,66.1,68.0,1
지지정당,68.0,68.8,1
별로,68.8,69.2,1
나눠서,69.2,69.6,1
살펴보겠습니다,69.6,70.5,1
민주당,70.5,71.6,1
짐승의,71.6,72.1,1
결제,72.1,72.4,1
또,72.4,72.6,1
가도,72.6,73.1,1
높았습니다,73.1,73.5,1
응답자,73.5,74.4,1
중,74.4,74.5,1
민주당,74.5,75.2,1
지도층에,75.2,75.7,1
85.9,75.7,76.6,1
퍼센트는,76.6,77.3,1
반대했고,77.3,78.0,1
한국땅을,78.0,79.1,1
지지하는,79.1,79.5,1
응답자는,79.5,80.0,1
68.2%,80.0,81.4,1
가,81.4,82.0,1
찬성하는,82.0,82.9,1
것으로,82.9,83.1,1
나타났습니다,83.1,83.7,1
정치,83.7,85.7,1
성향,85.7,86.0,1
별로,86.0,86.5,1
나눠서,86.5,86.9,1
조사한,86.9,87.4,1
결과에서도,87.4,87.9,1
진보측,87.9,88.8,1
의,88.8,88.9,1
반대,88.9,89.3,1
여론이,89.3,89.7,1
보수층의,89.7,90.4,1
찬성,90.4,90.8,1
여름보다,90.8,91.3,1
경고했습니다,91.3,91.8,1
봉투,91.8,92.9,1
측에서의,92.9,93.7,1
반대,93.7,94.2,1
여론이,94.2,94.5,1
35.8%,94.5,95.9,1
로,95.9,96.3,1
경제,96.3,97.0,1
청문회를,97.0,97.5,1
정치공세로,97.5,98.4,1
보내,98.4,98.6,1
시각도,98.6,99.1,1
포스팅에서도,99.1,100.0,1
적지,100.0,100.4,1
않아,100.4,100.5,1
중고책,100.5,101.8,1
전체,101.8,102.4,1
여론,102.4,102.8,1
부도와,102.8,103.3,1
비슷했습니다,103.3,103.9,1
정치,103.9,105.8,1
성향,105.8,106.0,1
결론은,106.0,106.6,1
중도층이,106.6,107.1,1
전체,107.1,107.5,1
여론과,107.5,108.1,1
비슷해,108.1,108.4,1
따면,108.4,108.9,1
지역별로,108.9,109.5,1
나는,109.5,109.8,1
수도권과,109.8,110.7,1
충청권을,110.7,110.8,1
그랬습니다,110.8,112.3,1
결과를,112.3,114.2,1
좀,114.2,114.4,1
봤습니다,114.4,114.6,1
찬송,114.6,115.3,1
30.9%,115.3,116.8,1
돼,116.8,117.6,1
반대,117.6,118.2,1
55.4%,118.2,119.5,1
대표님,119.5,120.6,1
한국,120.6,120.9,1
땅에,120.9,121.1,1
이런,121.1,121.4,1
여러,121.4,121.6,1
오늘,121.6,121.9,1
예상,121.9,122.2,1
했을까요,122.2,122.7,1
예상하지,122.7,123.7,1
못했을,123.7,124.0,1
것,124.0,124.1,1
같습니다,124.1,124.5,1
일단,124.5,124.9,1
뭐,124.9,125.2,1
큰,125.2,125.9,1
틀에서의,125.9,126.5,1
결과는,126.5,127.5,1
55.4,127.5,128.1,1
돼,128.1,128.3,1
30.9,128.3,128.9,1
예상가,128.9,130.8,1
크게,130.8,131.1,1
다르지,131.1,131.7,1
않은,131.7,132.0,1
듯,132.0,132.3,1
세부적으로,132.3,133.0,1
보면,133.0,133.1,1
이런,133.1,134.3,1
감정,134.3,134.6,1
보수층,134.6,135.2,1
일하는,135.2,135.7,1
중이라,135.7,136.6,1
건지,136.6,136.9,1
아니면,136.9,137.3,1
한국당,137.3,138.1,1
지지율,138.1,138.2,1
제외하고는,138.2,138.9,1
대부분의,138.9,139.4,1
계층에서,139.4,140.0,1
지금,140.0,140.9,1
반대하는,140.9,141.4,1
의견이,141.4,141.7,1
높게,141.7,142.2,1
나타난다,142.2,142.6,1
민요,142.6,143.0,1
그것은,143.0,144.2,1
제,144.2,144.4,1
2항에서,144.4,145.2,1
내세운,145.2,145.7,1
명분은,145.7,146.3,1
이게,146.3,146.8,1
진정성,146.8,147.7,1
있는,147.7,147.8,1
야,147.8,148.1,1
그,148.1,148.6,1
동안의,148.6,148.8,1
국회정상화,148.8,149.3,1
라든지,149.3,149.9,1
규정에,149.9,150.8,1
따른,150.8,151.3,1
무노동,151.3,152.6,1
무임금,152.6,152.7,1
국민소환제,152.7,153.8,1
여론이,153.8,154.8,1
굉장히,154.8,155.1,1
안,155.1,155.3,1
좋아,155.3,155.4,1
썼거든요,155.4,156.0,1
그렇기,156.0,156.7,1
때문에,156.7,157.1,1
결국에는,157.1,158.0,1
이,158.0,158.8,1
수조차도,158.8,159.8,1
부케를,159.8,161.0,1
지금,161.0,161.8,1
정사,161.8,162.7,1
하는데,162.7,163.1,1
우리도,163.1,163.9,1
이제,163.9,164.3,1
그,164.3,164.7,1
반대일,164.7,165.6,1
요소로,165.6,166.2,1
작용할,166.2,166.5,1
키,166.5,166.7,1
규현,166.7,167.0,1
어떤,167.0,167.7,1
실띄우기,167.7,168.5,1
아니야,168.5,168.9,1
이렇게,168.9,169.0,1
본,169.0,169.3,1
계층들이,169.3,170.6,1
많았던,170.6,171.0,1
거,171.0,171.1,1
같아요,171.1,171.5,1
그래서,171.5,171.7,1
엉덩이,171.7,173.2,1
예상치,173.2,174.3,1
못한,174.3,174.6,1
세부적인,174.6,175.3,1
그런,175.3,175.6,1
결혼,175.6,175.9,1
응,175.9,176.5,1
답들이,176.5,176.9,1
나온,176.9,177.0,1
거,177.0,177.1,1
같습니다,177.1,177.2,1
항상,177.2,178.3,1
입장에서는,178.3,179.1,1
다른,179.1,180.5,1
것보다,180.5,180.8,1
보수층,180.8,181.6,1
내에서,181.6,182.3,1
35.8%,182.3,183.2,1
나,183.2,183.7,1
반대를,183.7,184.6,1
하고,184.6,184.8,1
있는,184.8,185.1,1
이,185.1,185.2,1
부분이,185.2,185.6,1
좀,185.6,185.7,1
아팠을,185.7,186.1,1
것,186.1,186.2,1
같습니다,186.2,186.6,1
2층에서,186.6,187.6,1
홍이,187.6,188.0,1
뜨겁지,188.0,188.6,1
안타,188.6,189.0,1
평가할,189.0,190.4,1
수,190.4,190.5,1
있을,190.5,190.7,1
것,190.7,190.8,1
같은데,190.8,191.2,1
지금,191.2,191.9,1
국제공구전,191.9,192.8,1
사태가,192.8,193.5,1
벌써,193.5,193.7,1
두,193.7,193.9,1
달이,193.9,194.1,1
너무,194.1,194.3,1
같지,194.3,194.6,1
않습니까,194.6,194.9,1
비판,196.6,198.0,1
여론이,198.0,198.2,1
경제,198.2,198.5,1
따갑습니다,198.5,199.0,1
한국당,199.0,200.1,1
쪽에,200.1,200.4,1
초점이,200.4,201.3,1
좀,201.3,201.5,1
써,201.5,201.7,1
가지고,201.7,201.8,1
있거든요,201.8,202.3,1
비판,202.3,202.7,1
여론이,202.7,203.1,1
그러다,203.1,204.0,1
보니까,204.0,204.5,1
이걸,204.5,205.1,1
처음부터,205.1,205.9,1
너를,205.9,206.4,1
좀,206.4,206.6,1
국회정상화,206.6,207.1,1
조건으로,207.1,207.9,1
이,207.9,208.5,1
문제를,208.5,209.0,1
경제,209.0,209.8,1
청문회를,209.8,210.2,1
내,210.2,210.4,1
걸었으면,210.4,211.0,1
한국,211.0,211.8,1
땅이,211.8,212.0,1
진정성이란,212.0,212.6,1
며느리,212.6,213.2,1
평가,213.2,213.8,1
해,213.8,213.9,1
줄,213.9,214.0,1
수도,214.0,214.2,1
있겠지만,214.2,214.6,1
그렇지,214.6,215.1,1
않았거든요,215.1,215.6,1
처음에는,215.6,216.1,1
패스트,216.1,216.9,1
트랙이,216.9,217.2,1
대한,217.2,217.5,1
어떤,217.5,217.8,1
철야,217.8,218.2,1
사과,218.2,218.6,1
이런,218.6,219.1,1
거에,219.1,219.3,1
집중,219.3,219.7,1
되다가,219.7,220.1,1
갑자기,220.1,220.6,1
인제,220.6,221.2,1
협상이,221.2,221.6,1
잘,221.6,221.8,1
안,221.8,222.0,1
되니까,222.0,222.3,1
거기에,222.3,222.8,1
이제,222.8,222.9,1
더,222.9,223.1,1
얹혀서,223.1,223.6,1
이경제,223.6,224.6,1
청문회까지,224.6,225.0,1
들고,225.0,225.4,1
나왔거든,225.4,225.8,1
그러다,225.8,226.2,1
보니까,226.2,226.5,1
이게,226.5,226.7,1
진정성이,226.7,227.6,1
있기보다는,227.6,228.2,1
시간,228.2,228.6,1
끌기,228.6,229.0,1
용,229.0,229.2,1
지연전술,229.2,230.1,1
의,230.1,230.2,1
일환으로,230.2,230.4,1
정치공세에,230.4,232.0,1
일환으로,232.0,232.3,1
이,232.3,232.8,1
문제를,232.8,233.4,1
들고,233.4,233.6,1
나온,233.6,233.9,1
게,233.9,234.0,1
아닌가,234.0,234.4,1
그렇게,234.4,235.2,1
받아들이는,235.2,236.3,1
거야,236.3,236.5,1
그러면,236.5,237.5,1
계속,237.5,237.8,1
그의,237.8,238.5,1
주장을,238.5,239.1,1
이어가면서,239.1,240.1,1
여러,240.1,240.4,1
지역에서,240.4,241.3,1
나빠지지,241.3,241.8,1
않겠습니까,241.8,242.1,1
저는,242.1,242.6,1
만약에,242.6,243.0,1
오늘,243.0,243.3,1
이제,243.3,243.7,1
그,243.7,244.1,1
바른미래당,244.1,245.1,1
의원,245.1,245.2,1
총회,245.2,245.6,1
다,245.6,245.7,1
하고,245.7,245.9,1
민주당도,245.9,246.4,1
현충일,246.4,246.9,1
하는데,246.9,247.4,1
여야,247.4,248.2,1
사당이,248.2,248.9,1
협의를,248.9,250.4,1
해서,250.4,250.6,1
저녁에,250.6,251.2,1
쿠키,251.2,251.5,1
문을,251.5,251.8,1
연다,251.8,252.1,1
한국,252.1,252.7,1
돈,252.7,252.8,1
반대한다,252.8,253.4,1
많으니,253.4,254.2,1
국면이,254.2,254.7,1
지속되면,254.7,255.5,1
지속될수록,255.5,256.1,1
좀,256.6,257.3,1
더,257.3,257.5,1
고립되고,257.5,258.1,1
국민들의,258.1,258.9,1
평가는,258.9,258.9,1
더,258.9,259.5,1
냉담해,259.5,260.3,1
질,260.3,260.4,1
거다,260.4,260.6,1
저는,260.6,261.4,1
그,261.4,261.5,1
한국,261.5,261.8,1
불리할,0.0,0.5,1
것이다,0.5,0.8,1
이렇게,0.8,1.0,1
보여짐,1.0,1.5,1
예,1.5,1.8,1
이런,1.8,2.4,1
상황에서,2.4,2.8,1
여권이,2.8,3.4,1
양보할,3.4,4.1,1
가능성은,4.1,4.8,1
어느정도,4.8,5.6,1
있다고,5.6,5.9,1
여론,5.9,7.2,1
자체가,7.2,7.9,1
한국당,7.9,8.3,1
좀,8.3,8.5,1
불량한,8.5,8.9,1
형태로,8.9,10.1,1
나타나고,10.1,10.6,1
있기,10.6,10.8,1
때문에,10.8,11.2,1
이른바,11.2,12.3,1
개문발차,12.3,12.6,1
라고,12.6,13.1,1
한국당,13.1,13.5,1
하는데,13.5,13.8,1
배제하고,13.8,14.4,1
다른,14.4,15.2,1
정성,15.2,15.5,1
들이는데,15.5,15.8,1
국회를,15.8,16.2,1
여는,16.2,17.4,1
것에,17.4,17.6,1
대해서,17.6,18.0,1
좀,18.0,18.9,1
자신감을,18.9,19.4,1
가질,19.4,19.6,1
수,19.6,19.8,1
있는,19.8,19.9,1
결과들이,19.9,20.9,1
나오고,20.9,21.7,1
있는,21.7,21.8,1
거,21.8,21.9,1
같습니다,21.9,22.0,1
순천에서는,22.0,22.9,1
좀,22.9,24.4,1
불리한,24.4,24.9,1
그런,24.9,25.2,1
식으로,25.2,25.4,1
그동안,25.4,27.3,1
국회,27.3,27.6,1
공전이,27.6,28.2,1
장기화,28.2,28.9,1
돼,28.9,29.0,1
왔고,29.0,29.4,1
아직도,29.4,29.8,1
결론이,29.8,30.1,1
안,30.1,30.2,1
나왔습니다,30.2,30.5,1
이런,30.5,31.0,1
상황,31.0,31.3,1
속에서,31.3,31.7,1
정당,31.7,32.1,1
지지도,32.1,32.5,1
어떻게,32.5,33.4,1
나타났는지,33.4,34.0,1
확인해,34.0,34.5,1
보겠습니다,34.5,34.7,1
네,34.7,36.9,1
6월,36.9,38.2,1
2주차,38.2,39.2,1
정당,39.2,40.2,1
지지도,40.2,40.5,1
를,40.5,40.8,1
보면,40.8,41.3,1
더불어민주당이,41.3,42.3,1
0.5%,42.3,43.4,1
포인트,43.4,44.2,1
전주보다,44.2,44.9,1
장성에서,44.9,45.5,1
41퍼센트를,45.5,46.3,1
나타냈고,46.3,47.9,1
자유한국당,47.9,49.2,1
도,49.2,49.3,1
소풍,49.3,49.7,1
올랐습니다,49.7,50.1,1
31%,50.1,51.1,1
2,51.1,52.0,1
정당간,52.0,53.0,1
지지율,53.0,53.6,1
격차는,53.6,54.4,1
10%,54.4,55.1,1
포인트,55.1,55.8,1
차이를,55.8,56.2,1
유지했습니다,56.2,56.7,1
정의당과,56.7,58.3,1
바른미래당,58.3,59.3,1
불리할,0.0,0.5,1
것이다,0.5,0.8,1
이렇게,0.8,1.0,1
보여짐,1.0,1.5,1
예,1.5,1.8,1
이런,1.8,2.4,1
상황에서,2.4,2.8,1
여권이,2.8,3.4,1
양보할,3.4,4.1,1
가능성은,4.1,4.8,1
어느정도,4.8,5.6,1
있다고,5.6,5.9,1
여론,5.9,7.2,1
자체가,7.2,7.9,1
한국당,7.9,8.3,1
좀,8.3,8.5,1
불량한,8.5,8.9,1
형태로,8.9,10.1,1
나타나고,10.1,10.6,1
있기,10.6,10.8,1
때문에,10.8,11.2,1
이른바,11.2,12.3,1
개문발차,12.3,12.6,1
라고,12.6,13.1,1
한국당,13.1,13.5,1
하는데,13.5,13.8,1
배제하고,13.8,14.4,1
다른,14.4,15.2,1
정성,15.2,15.5,1
들이는데,15.5,15.8,1
국회를,15.8,16.2,1
여는,16.2,17.4,1
것에,17.4,17.6,1
대해서,17.6,18.0,1
좀,18.0,18.9,1
자신감을,18.9,19.4,1
가질,19.4,19.6,1
수,19.6,19.8,1
있는,19.8,19.9,1
결과들이,19.9,20.9,1
나오고,20.9,21.7,1
있는,21.7,21.8,1
거,21.8,21.9,1
같습니다,21.9,22.0,1
순천에서는,22.0,22.9,1
좀,22.9,24.4,1
불리한,24.4,24.9,1
그런,24.9,25.2,1
식으로,25.2,25.4,1
그동안,25.4,27.3,1
국회,27.3,27.6,1
공전이,27.6,28.2,1
장기화,28.2,28.9,1
돼,28.9,29.0,1
왔고,29.0,29.4,1
아직도,29.4,29.8,1
결론이,29.8,30.1,1
안,30.1,30.2,1
나왔습니다,30.2,30.5,1
이런,30.5,31.0,1
상황,31.0,31.3,1
속에서,31.3,31.7,1
정당,31.7,32.1,1
지지도,32.1,32.5,1
어떻게,32.5,33.4,1
나타났는지,33.4,34.0,1
확인해,34.0,34.5,1
보겠습니다,34.5,34.7,1
네,34.7,36.9,1
6월,36.9,38.2,1
2주차,38.2,39.2,1
정당,39.2,40.2,1
지지도,40.2,40.5,1
를,40.5,40.8,1
보면,40.8,41.3,1
더불어민주당이,41.3,42.3,1
0.5%,42.3,43.4,1
포인트,43.4,44.2,1
전주보다,44.2,44.9,1
장성에서,44.9,45.5,1
41퍼센트를,45.5,46.3,1
나타냈고,46.3,47.9,1
자유한국당,47.9,49.2,1
도,49.2,49.3,1
소풍,49.3,49.7,1
올랐습니다,49.7,50.1,1
31%,50.1,51.1,1
2,51.1,52.0,1
정당간,52.0,53.0,1
지지율,53.0,53.6,1
격차는,53.6,54.4,1
10%,54.4,55.1,1
포인트,55.1,55.8,1
차이를,55.8,56.2,1
유지했습니다,56.2,56.7,1
정의당과,56.7,58.3,1
바른미래당,58.3,59.3,1
변화가,59.9,60.5,1
있었습니다,60.5,60.9,1
그리고,60.9,61.5,1
민주평화당,61.5,62.3,1
도,62.3,62.5,1
비슷한,62.5,62.9,1
수준을,62.9,63.4,1
주시고요,63.4,63.9,1
대우당,63.9,64.9,1
층이,64.9,65.2,1
소폭,65.2,65.8,1
줄어든,65.8,66.3,1
것이,66.3,66.6,1
눈에,66.6,67.4,1
들어옵니다,67.4,67.9,1
차,67.9,69.3,1
한국,69.3,69.6,1
땅이,69.6,70.1,1
오히려,70.1,70.7,1
올랐습니다,70.7,71.9,1
왜,71.9,72.8,1
그런,72.8,73.0,1
거지요,73.0,73.3,1
이거는,73.3,73.8,1
뭐,73.8,74.0,1
일주일,74.0,75.1,1
간격으로,75.1,75.4,1
보기보다는,75.4,76.4,1
데,76.4,76.7,1
좀,76.7,77.1,1
거시적으로,77.1,77.6,1
볼,77.6,77.8,1
필요가,77.8,78.0,1
있는데,78.0,78.3,1
저는,78.3,78.6,1
이제,78.6,78.8,1
그,78.8,79.5,1
장외투쟁,79.5,80.3,1
측정과,80.3,81.6,1
지금,81.6,82.3,1
한,82.3,82.4,1
두,82.4,82.5,1
달,82.5,82.7,1
동안,82.7,82.8,1
여론의,82.8,83.3,1
쥐가,83.3,83.7,1
어떻게,83.7,84.1,1
변했는지,84.1,84.5,1
그,84.5,84.8,1
점을,84.8,85.3,1
좀,85.3,85.5,1
살펴,85.5,85.9,1
볼,85.9,86.0,1
필요가,86.0,86.1,1
있다고,86.1,86.5,1
그런데,86.5,86.9,1
이게,86.9,87.3,1
그,87.3,88.2,1
가장,88.2,88.6,1
그,88.6,89.0,1
점을,89.0,89.5,1
찍을,89.5,89.8,1
때가,89.8,90.0,1
34%,90.0,90.6,1
정도,90.6,91.2,1
찍었고요,91.2,91.7,1
민주당이,91.7,93.0,1
낮을,93.0,93.3,1
때가,93.3,93.5,1
안,93.5,93.7,1
37%,93.7,94.5,1
수준까지,94.5,95.3,1
떨어졌을,95.3,95.9,1
16조,95.9,96.4,1
당시,96.4,96.5,1
4%,96.5,97.7,1
포인트,97.7,98.3,1
격자,98.3,98.7,1
까지,98.7,99.0,1
주,99.0,99.2,1
삐지면,99.2,99.5,1
적이,99.5,99.8,1
있었거든요,99.8,100.3,1
그래프의,100.3,100.7,1
나오네요,100.7,101.2,1
그렇습니다,101.2,101.5,1
38.7,101.5,102.7,1
돼,102.7,102.9,1
34.3,102.9,104.2,1
4.4%,104.2,105.5,1
포인트까지,105.5,106.3,1
좁혀져,106.3,106.7,1
쓰는데,106.7,107.1,1
이게,107.1,107.6,1
지금,107.6,107.8,1
격차가,107.8,108.2,1
10일,108.2,108.6,1
10%,108.6,109.1,1
포인트,109.1,109.6,1
차로,109.6,110.1,1
다신,110.1,110.8,1
벌어졌고,110.8,111.3,1
든요,111.3,111.6,1
결국은,111.6,112.4,1
장애,112.4,113.3,1
등급,113.3,114.8,1
길어지면서,114.8,116.1,1
한국,116.1,117.2,1
땅으로,117.2,117.8,1
향했던,117.8,118.3,1
관심이,118.3,119.0,1
좀,119.0,119.2,1
뚝,119.2,119.4,1
떨어졌다,119.4,119.8,1
불리할,0.0,0.5,1
것이다,0.5,0.8,1
이렇게,0.8,1.0,1
보여짐,1.0,1.5,1
예,1.5,1.8,1
이런,1.8,2.4,1
상황에서,2.4,2.8,1
여권이,2.8,3.4,1
양보할,3.4,4.1,1
가능성은,4.1,4.8,1
어느정도,4.8,5.6,1
있다고,5.6,5.9,1
여론,5.9,7.2,1
자체가,7.2,7.9,1
한국당,7.9,8.3,1
좀,8.3,8.5,1
불량한,8.5,8.9,1
형태로,8.9,10.1,1
나타나고,10.1,10.6,1
있기,10.6,10.8,1
때문에,10.8,11.2,1
이른바,11.2,12.3,1
개문발차,12.3,12.6,1
라고,12.6,13.1,1
한국당,13.1,13.5,1
하는데,13.5,13.8,1
배제하고,13.8,14.4,1
다른,14.4,15.2,1
정성,15.2,15.5,1
들이는데,15.5,15.8,1
국회를,15.8,16.2,1
여는,16.2,17.4,1
것에,17.4,17.6,1
대해서,17.6,18.0,1
좀,18.0,18.9,1
자신감을,18.9,19.4,1
가질,19.4,19.6,1
수,19.6,19.8,1
있는,19.8,19.9,1
결과들이,19.9,20.9,1
나오고,20.9,21.7,1
있는,21.7,21.8,1
거,21.8,21.9,1
같습니다,21.9,22.0,1
순천에서는,22.0,22.9,1
좀,22.9,24.4,1
불리한,24.4,24.9,1
그런,24.9,25.2,1
식으로,25.2,25.4,1
그동안,25.4,27.3,1
국회,27.3,27.6,1
공전이,27.6,28.2,1
장기화,28.2,28.9,1
돼,28.9,29.0,1
왔고,29.0,29.4,1
아직도,29.4,29.8,1
결론이,29.8,30.1,1
안,30.1,30.2,1
나왔습니다,30.2,30.5,1
이런,30.5,31.0,1
상황,31.0,31.3,1
속에서,31.3,31.7,1
정당,31.7,32.1,1
지지도,32.1,32.5,1
어떻게,32.5,33.4,1
나타났는지,33.4,34.0,1
확인해,34.0,34.5,1
보겠습니다,34.5,34.7,1
네,34.7,36.9,1
6월,36.9,38.2,1
2주차,38.2,39.2,1
정당,39.2,40.2,1
지지도,40.2,40.5,1
를,40.5,40.8,1
보면,40.8,41.3,1
더불어민주당이,41.3,42.3,1
0.5%,42.3,43.4,1
포인트,43.4,44.2,1
전주보다,44.2,44.9,1
장성에서,44.9,45.5,1
41퍼센트를,45.5,46.3,1
나타냈고,46.3,47.9,1
자유한국당,47.9,49.2,1
도,49.2,49.3,1
소풍,49.3,49.7,1
올랐습니다,49.7,50.1,1
31%,50.1,51.1,1
2,51.1,52.0,1
정당간,52.0,53.0,1
지지율,53.0,53.6,1
격차는,53.6,54.4,1
10%,54.4,55.1,1
포인트,55.1,55.8,1
차이를,55.8,56.2,1
유지했습니다,56.2,56.7,1
정의당과,56.7,58.3,1
바른미래당,58.3,59.3,1
변화가,59.9,60.5,1
있었습니다,60.5,60.9,1
그리고,60.9,61.5,1
민주평화당,61.5,62.3,1
도,62.3,62.5,1
비슷한,62.5,62.9,1
수준을,62.9,63.4,1
주시고요,63.4,63.9,1
대우당,63.9,64.9,1
층이,64.9,65.2,1
소폭,65.2,65.8,1
줄어든,65.8,66.3,1
것이,66.3,66.6,1
눈에,66.6,67.4,1
들어옵니다,67.4,67.9,1
차,67.9,69.3,1
한국,69.3,69.6,1
땅이,69.6,70.1,1
오히려,70.1,70.7,1
올랐습니다,70.7,71.9,1
왜,71.9,72.8,1
그런,72.8,73.0,1
거지요,73.0,73.3,1
이거는,73.3,73.8,1
뭐,73.8,74.0,1
일주일,74.0,75.1,1
간격으로,75.1,75.4,1
보기보다는,75.4,76.4,1
데,76.4,76.7,1
좀,76.7,77.1,1
거시적으로,77.1,77.6,1
볼,77.6,77.8,1
필요가,77.8,78.0,1
있는데,78.0,78.3,1
저는,78.3,78.6,1
이제,78.6,78.8,1
그,78.8,79.5,1
장외투쟁,79.5,80.3,1
측정과,80.3,81.6,1
지금,81.6,82.3,1
한,82.3,82.4,1
두,82.4,82.5,1
달,82.5,82.7,1
동안,82.7,82.8,1
여론의,82.8,83.3,1
쥐가,83.3,83.7,1
어떻게,83.7,84.1,1
변했는지,84.1,84.5,1
그,84.5,84.8,1
점을,84.8,85.3,1
좀,85.3,85.5,1
살펴,85.5,85.9,1
볼,85.9,86.0,1
필요가,86.0,86.1,1
있다고,86.1,86.5,1
그런데,86.5,86.9,1
이게,86.9,87.3,1
그,87.3,88.2,1
가장,88.2,88.6,1
그,88.6,89.0,1
점을,89.0,89.5,1
찍을,89.5,89.8,1
때가,89.8,90.0,1
34%,90.0,90.6,1
정도,90.6,91.2,1
찍었고요,91.2,91.7,1
민주당이,91.7,93.0,1
낮을,93.0,93.3,1
때가,93.3,93.5,1
안,93.5,93.7,1
37%,93.7,94.5,1
수준까지,94.5,95.3,1
떨어졌을,95.3,95.9,1
16조,95.9,96.4,1
당시,96.4,96.5,1
4%,96.5,97.7,1
포인트,97.7,98.3,1
격자,98.3,98.7,1
까지,98.7,99.0,1
주,99.0,99.2,1
삐지면,99.2,99.5,1
적이,99.5,99.8,1
있었거든요,99.8,100.3,1
그래프의,100.3,100.7,1
나오네요,100.7,101.2,1
그렇습니다,101.2,101.5,1
38.7,101.5,102.7,1
돼,102.7,102.9,1
34.3,102.9,104.2,1
4.4%,104.2,105.5,1
포인트까지,105.5,106.3,1
좁혀져,106.3,106.7,1
쓰는데,106.7,107.1,1
이게,107.1,107.6,1
지금,107.6,107.8,1
격차가,107.8,108.2,1
10일,108.2,108.6,1
10%,108.6,109.1,1
포인트,109.1,109.6,1
차로,109.6,110.1,1
다신,110.1,110.8,1
벌어졌고,110.8,111.3,1
든요,111.3,111.6,1
결국은,111.6,112.4,1
장애,112.4,113.3,1
등급,113.3,114.8,1
길어지면서,114.8,116.1,1
한국,116.1,117.2,1
땅으로,117.2,117.8,1
향했던,117.8,118.3,1
관심이,118.3,119.0,1
좀,119.0,119.2,1
뚝,119.2,119.4,1
떨어졌다,119.4,119.8,1
계속,119.9,120.6,1
중도층,120.6,121.4,1
에서,121.4,121.6,1
비디오,121.6,121.7,1
감도가,121.7,122.2,1
높아지면서,122.2,122.8,1
황교안,122.8,124.0,1
말씀하셨던,124.0,125.6,1
중원,125.6,126.3,1
전략,126.3,126.7,1
이른바,126.7,127.6,1
중도층을,127.6,128.6,1
잡겠다,128.6,129.1,1
이,129.1,129.4,1
전략에,129.4,130.1,1
지금,130.1,130.3,1
잘,130.3,130.5,1
통하지,130.5,130.8,1
않는,130.8,131.1,1
그런,131.1,131.6,1
상황이,131.6,132.0,1
아닌가,132.0,132.2,1
싶습니다,132.2,132.5,1
많이,132.5,133.2,1
단독,133.2,133.6,1
국회가,133.6,134.0,1
열릴,134.0,134.5,1
경우에,134.5,134.8,1
영어로는,134.8,135.4,1
어떻게,135.4,135.5,1
움직일까,135.5,136.3,1
요거,136.3,136.6,1
말씀드렸듯이,136.6,137.5,1
한국,137.5,138.2,1
땅이,138.2,138.5,1
고립되면,138.5,139.2,1
집도,139.2,140.3,1
피는,140.3,140.5,1
이미,140.5,140.9,1
많이,140.9,141.4,1
결집되어,141.4,141.9,1
있거든요,141.9,142.4,1
30%,142.4,142.9,1
안방으로,142.9,143.6,1
보승이,143.6,144.6,1
집토끼,144.6,144.9,1
막시,144.9,145.2,1
결집되어,145.2,145.8,1
있는데,145.8,146.1,1
중도층,146.1,147.3,1
외면하기,147.3,147.8,1
시작하면,147.8,148.3,1
요,148.3,148.5,1
한국,148.5,149.6,1
땅이,149.6,149.9,1
약,149.9,150.1,1
지지층은,150.1,150.7,1
동요,150.7,151.1,1
하게,151.1,151.3,1
되어,151.3,151.4,1
있습니다,151.4,151.8,1
어,151.8,152.0,1
이러다가,152.0,152.5,1
집권하기,152.5,153.8,1
어렵게,153.8,154.3,1
되겠는데,154.3,154.9,1
라는,154.9,155.3,1
의구심이,155.3,155.9,1
형성될,155.9,156.3,1
수,156.3,156.5,1
있거든,156.5,156.8,1
그렇기,156.8,157.1,1
때문에,157.1,157.6,1
지금은,157.6,158.4,1
황교안,158.4,159.2,1
대표께서,159.2,159.9,1
통큰,159.9,160.5,1
결단을,160.5,160.6,1
좀,160.6,161.2,1
해야,161.2,161.6,1
시점이,161.6,162.1,1
아닌가,162.1,162.3,1
여론조사기관,162.3,164.5,1
별로,164.5,165.0,1
보면은,165.0,165.5,1
한국,165.5,165.8,1
땅이지,165.8,166.0,1
지도가,166.0,166.7,1
리얼미터,166.7,167.7,1
30%,167.7,168.7,1
30%,168.7,170.2,1
만,170.2,170.6,1
밖으로,170.6,171.1,1
그리고,171.1,171.9,1
다른,171.9,172.2,1
데,172.2,172.4,1
보면은,172.4,172.8,1
20%,172.8,173.2,1
초반대로,173.2,173.9,1
나오게,173.9,174.1,1
하지,174.1,174.4,1
크게,174.4,175.1,1
보면,175.1,175.3,1
1%,175.3,176.1,1
포인트,176.1,176.3,1
차이가,176.3,176.7,1
나는데,176.7,177.1,1
네,177.1,177.4,1
그게,177.4,178.0,1
불리할,0.0,0.5,1
것이다,0.5,0.8,1
이렇게,0.8,1.0,1
보여짐,1.0,1.5,1
예,1.5,1.8,1
이런,1.8,2.4,1
상황에서,2.4,2.8,1
여권이,2.8,3.4,1
양보할,3.4,4.1,1
가능성은,4.1,4.8,1
어느정도,4.8,5.6,1
있다고,5.6,5.9,1
여론,5.9,7.2,1
자체가,7.2,7.9,1
한국당,7.9,8.3,1
좀,8.3,8.5,1
불량한,8.5,8.9,1
형태로,8.9,10.1,1
나타나고,10.1,10.6,1
있기,10.6,10.8,1
때문에,10.8,11.2,1
이른바,11.2,12.3,1
개문발차,12.3,12.6,1
라고,12.6,13.1,1
한국당,13.1,13.5,1
하는데,13.5,13.8,1
배제하고,13.8,14.4,1
다른,14.4,15.2,1
정성,15.2,15.5,1
들이는데,15.5,15.8,1
국회를,15.8,16.2,1
여는,16.2,17.4,1
것에,17.4,17.6,1
대해서,17.6,18.0,1
좀,18.0,18.9,1
자신감을,18.9,19.4,1
가질,19.4,19.6,1
수,19.6,19.8,1
있는,19.8,19.9,1
결과들이,19.9,20.9,1
나오고,20.9,21.7,1
있는,21.7,21.8,1
거,21.8,21.9,1
같습니다,21.9,22.0,1
순천에서는,22.0,22.9,1
좀,22.9,24.4,1
불리한,24.4,24.9,1
그런,24.9,25.2,1
식으로,25.2,25.4,1
그동안,25.4,27.3,1
국회,27.3,27.6,1
공전이,27.6,28.2,1
장기화,28.2,28.9,1
돼,28.9,29.0,1
왔고,29.0,29.4,1
아직도,29.4,29.8,1
결론이,29.8,30.1,1
안,30.1,30.2,1
나왔습니다,30.2,30.5,1
이런,30.5,31.0,1
상황,31.0,31.3,1
속에서,31.3,31.7,1
정당,31.7,32.1,1
지지도,32.1,32.5,1
어떻게,32.5,33.4,1
나타났는지,33.4,34.0,1
확인해,34.0,34.5,1
보겠습니다,34.5,34.7,1
네,34.7,36.9,1
6월,36.9,38.2,1
2주차,38.2,39.2,1
정당,39.2,40.2,1
지지도,40.2,40.5,1
를,40.5,40.8,1
보면,40.8,41.3,1
더불어민주당이,41.3,42.3,1
0.5%,42.3,43.4,1
포인트,43.4,44.2,1
전주보다,44.2,44.9,1
장성에서,44.9,45.5,1
41퍼센트를,45.5,46.3,1
나타냈고,46.3,47.9,1
자유한국당,47.9,49.2,1
도,49.2,49.3,1
소풍,49.3,49.7,1
올랐습니다,49.7,50.1,1
31%,50.1,51.1,1
2,51.1,52.0,1
정당간,52.0,53.0,1
지지율,53.0,53.6,1
격차는,53.6,54.4,1
10%,54.4,55.1,1
포인트,55.1,55.8,1
차이를,55.8,56.2,1
유지했습니다,56.2,56.7,1
정의당과,56.7,58.3,1
바른미래당,58.3,59.3,1
변화가,59.9,60.5,1
있었습니다,60.5,60.9,1
그리고,60.9,61.5,1
민주평화당,61.5,62.3,1
도,62.3,62.5,1
비슷한,62.5,62.9,1
수준을,62.9,63.4,1
주시고요,63.4,63.9,1
대우당,63.9,64.9,1
층이,64.9,65.2,1
소폭,65.2,65.8,1
줄어든,65.8,66.3,1
것이,66.3,66.6,1
눈에,66.6,67.4,1
들어옵니다,67.4,67.9,1
차,67.9,69.3,1
한국,69.3,69.6,1
땅이,69.6,70.1,1
오히려,70.1,70.7,1
올랐습니다,70.7,71.9,1
왜,71.9,72.8,1
그런,72.8,73.0,1
거지요,73.0,73.3,1
이거는,73.3,73.8,1
뭐,73.8,74.0,1
일주일,74.0,75.1,1
간격으로,75.1,75.4,1
보기보다는,75.4,76.4,1
데,76.4,76.7,1
좀,76.7,77.1,1
거시적으로,77.1,77.6,1
볼,77.6,77.8,1
필요가,77.8,78.0,1
있는데,78.0,78.3,1
저는,78.3,78.6,1
이제,78.6,78.8,1
그,78.8,79.5,1
장외투쟁,79.5,80.3,1
측정과,80.3,81.6,1
지금,81.6,82.3,1
한,82.3,82.4,1
두,82.4,82.5,1
달,82.5,82.7,1
동안,82.7,82.8,1
여론의,82.8,83.3,1
쥐가,83.3,83.7,1
어떻게,83.7,84.1,1
변했는지,84.1,84.5,1
그,84.5,84.8,1
점을,84.8,85.3,1
좀,85.3,85.5,1
살펴,85.5,85.9,1
볼,85.9,86.0,1
필요가,86.0,86.1,1
있다고,86.1,86.5,1
그런데,86.5,86.9,1
이게,86.9,87.3,1
그,87.3,88.2,1
가장,88.2,88.6,1
그,88.6,89.0,1
점을,89.0,89.5,1
찍을,89.5,89.8,1
때가,89.8,90.0,1
34%,90.0,90.6,1
정도,90.6,91.2,1
찍었고요,91.2,91.7,1
민주당이,91.7,93.0,1
낮을,93.0,93.3,1
때가,93.3,93.5,1
안,93.5,93.7,1
37%,93.7,94.5,1
수준까지,94.5,95.3,1
떨어졌을,95.3,95.9,1
16조,95.9,96.4,1
당시,96.4,96.5,1
4%,96.5,97.7,1
포인트,97.7,98.3,1
격자,98.3,98.7,1
까지,98.7,99.0,1
주,99.0,99.2,1
삐지면,99.2,99.5,1
적이,99.5,99.8,1
있었거든요,99.8,100.3,1
그래프의,100.3,100.7,1
나오네요,100.7,101.2,1
그렇습니다,101.2,101.5,1
38.7,101.5,102.7,1
돼,102.7,102.9,1
34.3,102.9,104.2,1
4.4%,104.2,105.5,1
포인트까지,105.5,106.3,1
좁혀져,106.3,106.7,1
쓰는데,106.7,107.1,1
이게,107.1,107.6,1
지금,107.6,107.8,1
격차가,107.8,108.2,1
10일,108.2,108.6,1
10%,108.6,109.1,1
포인트,109.1,109.6,1
차로,109.6,110.1,1
다신,110.1,110.8,1
벌어졌고,110.8,111.3,1
든요,111.3,111.6,1
결국은,111.6,112.4,1
장애,112.4,113.3,1
등급,113.3,114.8,1
길어지면서,114.8,116.1,1
한국,116.1,117.2,1
땅으로,117.2,117.8,1
향했던,117.8,118.3,1
관심이,118.3,119.0,1
좀,119.0,119.2,1
뚝,119.2,119.4,1
떨어졌다,119.4,119.8,1
계속,119.9,120.6,1
중도층,120.6,121.4,1
에서,121.4,121.6,1
비디오,121.6,121.7,1
감도가,121.7,122.2,1
높아지면서,122.2,122.8,1
황교안,122.8,124.0,1
말씀하셨던,124.0,125.6,1
중원,125.6,126.3,1
전략,126.3,126.7,1
이른바,126.7,127.6,1
중도층을,127.6,128.6,1
잡겠다,128.6,129.1,1
이,129.1,129.4,1
전략에,129.4,130.1,1
지금,130.1,130.3,1
잘,130.3,130.5,1
통하지,130.5,130.8,1
않는,130.8,131.1,1
그런,131.1,131.6,1
상황이,131.6,132.0,1
아닌가,132.0,132.2,1
싶습니다,132.2,132.5,1
많이,132.5,133.2,1
단독,133.2,133.6,1
국회가,133.6,134.0,1
열릴,134.0,134.5,1
경우에,134.5,134.8,1
영어로는,134.8,135.4,1
어떻게,135.4,135.5,1
움직일까,135.5,136.3,1
요거,136.3,136.6,1
말씀드렸듯이,136.6,137.5,1
한국,137.5,138.2,1
땅이,138.2,138.5,1
고립되면,138.5,139.2,1
집도,139.2,140.3,1
피는,140.3,140.5,1
이미,140.5,140.9,1
많이,140.9,141.4,1
결집되어,141.4,141.9,1
있거든요,141.9,142.4,1
30%,142.4,142.9,1
안방으로,142.9,143.6,1
보승이,143.6,144.6,1
집토끼,144.6,144.9,1
막시,144.9,145.2,1
결집되어,145.2,145.8,1
있는데,145.8,146.1,1
중도층,146.1,147.3,1
외면하기,147.3,147.8,1
시작하면,147.8,148.3,1
요,148.3,148.5,1
한국,148.5,149.6,1
땅이,149.6,149.9,1
약,149.9,150.1,1
지지층은,150.1,150.7,1
동요,150.7,151.1,1
하게,151.1,151.3,1
되어,151.3,151.4,1
있습니다,151.4,151.8,1
어,151.8,152.0,1
이러다가,152.0,152.5,1
집권하기,152.5,153.8,1
어렵게,153.8,154.3,1
되겠는데,154.3,154.9,1
라는,154.9,155.3,1
의구심이,155.3,155.9,1
형성될,155.9,156.3,1
수,156.3,156.5,1
있거든,156.5,156.8,1
그렇기,156.8,157.1,1
때문에,157.1,157.6,1
지금은,157.6,158.4,1
황교안,158.4,159.2,1
대표께서,159.2,159.9,1
통큰,159.9,160.5,1
결단을,160.5,160.6,1
좀,160.6,161.2,1
해야,161.2,161.6,1
시점이,161.6,162.1,1
아닌가,162.1,162.3,1
여론조사기관,162.3,164.5,1
별로,164.5,165.0,1
보면은,165.0,165.5,1
한국,165.5,165.8,1
땅이지,165.8,166.0,1
지도가,166.0,166.7,1
리얼미터,166.7,167.7,1
30%,167.7,168.7,1
30%,168.7,170.2,1
만,170.2,170.6,1
밖으로,170.6,171.1,1
그리고,171.1,171.9,1
다른,171.9,172.2,1
데,172.2,172.4,1
보면은,172.4,172.8,1
20%,172.8,173.2,1
초반대로,173.2,173.9,1
나오게,173.9,174.1,1
하지,174.1,174.4,1
크게,174.4,175.1,1
보면,175.1,175.3,1
1%,175.3,176.1,1
포인트,176.1,176.3,1
차이가,176.3,176.7,1
나는데,176.7,177.1,1
네,177.1,177.4,1
그게,177.4,178.0,1
승희,179.9,180.5,1
리얼미터,180.5,181.5,1
주사,181.5,181.7,1
방식으로,181.7,182.4,1
많이,182.4,182.6,1
드러나기,182.6,183.1,1
때문에,183.1,183.6,1
들어,183.6,183.8,1
있지만,183.8,184.2,1
지금,184.2,185.1,1
바쁘지.,185.1,185.4,1
편히,185.4,185.7,1
말씀대로,185.7,186.4,1
한국,186.4,187.0,1
땅이,187.0,187.2,1
흔들리고,187.2,187.7,1
중도층의,187.7,188.3,1
지지를,188.3,188.7,1
받지,188.7,188.9,1
못하면,188.9,189.5,1
20%,189.5,190.2,1
포인트,190.2,190.6,1
정도가,190.6,191.1,1
훅하고,191.1,192.1,1
움직이고,192.1,192.6,1
있다는,192.6,193.2,1
거죠?,193.2,193.5,1
이제,193.5,194.2,1
지난,194.2,194.6,1
주간,194.6,195.0,1
일주일,195.0,196.0,1
1일,196.0,198.2,1
날,198.2,198.3,1
이런데,198.3,198.6,1
보게,198.6,198.8,1
되면은,198.8,199.1,1
이제,199.1,199.3,1
주,199.3,199.8,1
초중반까지는,199.8,200.7,1
김원봉,200.7,201.3,1
서운,201.3,201.6,1
논란,201.6,201.9,1
이라던지,201.9,202.3,1
또,202.3,202.8,1
민경욱,202.8,203.1,1
대변인,203.1,203.2,1
전력질주,203.2,204.7,1
막말,204.7,205.1,1
논란,205.1,205.2,1
있었습니다.,205.2,205.6,1
그때까지는,205.6,207.0,1
사실을,207.0,207.4,1
오히려,207.4,208.2,1
자신의,208.2,208.8,1
지층,208.8,209.3,1
좌측,209.3,209.4,1
토끼는,209.4,209.9,1
결집하는,209.9,210.4,1
장,210.4,210.6,1
나타내,210.6,211.0,1
썼는데,211.0,211.4,1
중후반에,211.4,212.4,1
인제,212.4,212.7,1
기억하겠습니다.,212.7,213.6,1
많이,213.6,214.1,1
환영위원회,214.1,214.5,1
인제,214.5,215.0,1
그다음에,215.0,216.6,1
홍문종,216.6,217.9,1
의원,217.9,218.3,1
이인제,218.3,218.8,1
팔당,218.8,219.2,1
식사하면서,219.2,219.7,1
대한애국당,219.7,220.2,1
공동대표로,220.2,220.9,1
언제,220.9,221.1,1
간다는,221.1,221.4,1
소식이,221.4,221.8,1
전에,221.8,222.3,1
줬죠.,222.3,222.6,1
분열하고,222.6,224.8,1
산토끼를,224.8,226.0,1
떠나가는,226.0,226.5,1
한국이,226.5,227.2,1
지금,227.2,227.4,1
될,227.4,227.6,1
가능성이,227.6,228.1,1
있기,228.1,228.2,1
때문에,228.2,228.6,1
이번,228.6,229.1,1
주,229.1,229.1,1
아까는,229.1,229.4,1
좀,229.4,229.5,1
늦었습니다.,229.5,229.8,1
바른미래당,229.8,230.7,1
제주를,230.7,231.9,1
또,231.9,232.1,1
올라왔거든요.,232.1,232.9,1
한국,232.9,234.0,1
땅이,234.0,234.3,1
외환,234.3,234.8,1
답장을,234.8,235.1,1
못,235.1,235.2,1
하면,235.2,235.5,1
학교,235.5,235.9,1
바른미래당,235.9,236.5,1
올,236.5,236.6,1
가능성이,236.6,237.2,1
충분히,237.2,237.6,1
있기,237.6,237.8,1
때문에,237.8,238.2,1
한국,238.2,239.0,1
땅으로,239.0,239.3,1
쓰는,239.3,239.7,1
줘.,239.7,239.8,1
불리할,0.0,0.5,1
것이다,0.5,0.8,1
이렇게,0.8,1.0,1
보여짐,1.0,1.5,1
예,1.5,1.8,1
이런,1.8,2.4,1
상황에서,2.4,2.8,1
여권이,2.8,3.4,1
양보할,3.4,4.1,1
가능성은,4.1,4.8,1
어느정도,4.8,5.6,1
있다고,5.6,5.9,1
여론,5.9,7.2,1
자체가,7.2,7.9,1
한국당,7.9,8.3,1
좀,8.3,8.5,1
불량한,8.5,8.9,1
형태로,8.9,10.1,1
나타나고,10.1,10.6,1
있기,10.6,10.8,1
때문에,10.8,11.2,1
이른바,11.2,12.3,1
개문발차,12.3,12.6,1
라고,12.6,13.1,1
한국당,13.1,13.5,1
하는데,13.5,13.8,1
배제하고,13.8,14.4,1
다른,14.4,15.2,1
정성,15.2,15.5,1
들이는데,15.5,15.8,1
국회를,15.8,16.2,1
여는,16.2,17.4,1
것에,17.4,17.6,1
대해서,17.6,18.0,1
좀,18.0,18.9,1
자신감을,18.9,19.4,1
가질,19.4,19.6,1
수,19.6,19.8,1
있는,19.8,19.9,1
결과들이,19.9,20.9,1
나오고,20.9,21.7,1
있는,21.7,21.8,1
거,21.8,21.9,1
같습니다,21.9,22.0,1
순천에서는,22.0,22.9,1
좀,22.9,24.4,1
불리한,24.4,24.9,1
그런,24.9,25.2,1
식으로,25.2,25.4,1
그동안,25.4,27.3,1
국회,27.3,27.6,1
공전이,27.6,28.2,1
장기화,28.2,28.9,1
돼,28.9,29.0,1
왔고,29.0,29.4,1
아직도,29.4,29.8,1
결론이,29.8,30.1,1
안,30.1,30.2,1
나왔습니다,30.2,30.5,1
이런,30.5,31.0,1
상황,31.0,31.3,1
속에서,31.3,31.7,1
정당,31.7,32.1,1
지지도,32.1,32.5,1
어떻게,32.5,33.4,1
나타났는지,33.4,34.0,1
확인해,34.0,34.5,1
보겠습니다,34.5,34.7,1
네,34.7,36.9,1
6월,36.9,38.2,1
2주차,38.2,39.2,1
정당,39.2,40.2,1
지지도,40.2,40.5,1
를,40.5,40.8,1
보면,40.8,41.3,1
더불어민주당이,41.3,42.3,1
0.5%,42.3,43.4,1
포인트,43.4,44.2,1
전주보다,44.2,44.9,1
장성에서,44.9,45.5,1
41퍼센트를,45.5,46.3,1
나타냈고,46.3,47.9,1
자유한국당,47.9,49.2,1
도,49.2,49.3,1
소풍,49.3,49.7,1
올랐습니다,49.7,50.1,1
31%,50.1,51.1,1
2,51.1,52.0,1
정당간,52.0,53.0,1
지지율,53.0,53.6,1
격차는,53.6,54.4,1
10%,54.4,55.1,1
포인트,55.1,55.8,1
차이를,55.8,56.2,1
유지했습니다,56.2,56.7,1
정의당과,56.7,58.3,1
바른미래당,58.3,59.3,1
변화가,59.9,60.5,1
있었습니다,60.5,60.9,1
그리고,60.9,61.5,1
민주평화당,61.5,62.3,1
도,62.3,62.5,1
비슷한,62.5,62.9,1
수준을,62.9,63.4,1
주시고요,63.4,63.9,1
대우당,63.9,64.9,1
층이,64.9,65.2,1
소폭,65.2,65.8,1
줄어든,65.8,66.3,1
것이,66.3,66.6,1
눈에,66.6,67.4,1
들어옵니다,67.4,67.9,1
차,67.9,69.3,1
한국,69.3,69.6,1
땅이,69.6,70.1,1
오히려,70.1,70.7,1
올랐습니다,70.7,71.9,1
왜,71.9,72.8,1
그런,72.8,73.0,1
거지요,73.0,73.3,1
이거는,73.3,73.8,1
뭐,73.8,74.0,1
일주일,74.0,75.1,1
간격으로,75.1,75.4,1
보기보다는,75.4,76.4,1
데,76.4,76.7,1
좀,76.7,77.1,1
거시적으로,77.1,77.6,1
볼,77.6,77.8,1
필요가,77.8,78.0,1
있는데,78.0,78.3,1
저는,78.3,78.6,1
이제,78.6,78.8,1
그,78.8,79.5,1
장외투쟁,79.5,80.3,1
측정과,80.3,81.6,1
지금,81.6,82.3,1
한,82.3,82.4,1
두,82.4,82.5,1
달,82.5,82.7,1
동안,82.7,82.8,1
여론의,82.8,83.3,1
쥐가,83.3,83.7,1
어떻게,83.7,84.1,1
변했는지,84.1,84.5,1
그,84.5,84.8,1
점을,84.8,85.3,1
좀,85.3,85.5,1
살펴,85.5,85.9,1
볼,85.9,86.0,1
필요가,86.0,86.1,1
있다고,86.1,86.5,1
그런데,86.5,86.9,1
이게,86.9,87.3,1
그,87.3,88.2,1
가장,88.2,88.6,1
그,88.6,89.0,1
점을,89.0,89.5,1
찍을,89.5,89.8,1
때가,89.8,90.0,1
34%,90.0,90.6,1
정도,90.6,91.2,1
찍었고요,91.2,91.7,1
민주당이,91.7,93.0,1
낮을,93.0,93.3,1
때가,93.3,93.5,1
안,93.5,93.7,1
37%,93.7,94.5,1
수준까지,94.5,95.3,1
떨어졌을,95.3,95.9,1
16조,95.9,96.4,1
당시,96.4,96.5,1
4%,96.5,97.7,1
포인트,97.7,98.3,1
격자,98.3,98.7,1
까지,98.7,99.0,1
주,99.0,99.2,1
삐지면,99.2,99.5,1
적이,99.5,99.8,1
있었거든요,99.8,100.3,1
그래프의,100.3,100.7,1
나오네요,100.7,101.2,1
그렇습니다,101.2,101.5,1
38.7,101.5,102.7,1
돼,102.7,102.9,1
34.3,102.9,104.2,1
4.4%,104.2,105.5,1
포인트까지,105.5,106.3,1
좁혀져,106.3,106.7,1
쓰는데,106.7,107.1,1
이게,107.1,107.6,1
지금,107.6,107.8,1
격차가,107.8,108.2,1
10일,108.2,108.6,1
10%,108.6,109.1,1
포인트,109.1,109.6,1
차로,109.6,110.1,1
다신,110.1,110.8,1
벌어졌고,110.8,111.3,1
든요,111.3,111.6,1
결국은,111.6,112.4,1
장애,112.4,113.3,1
등급,113.3,114.8,1
길어지면서,114.8,116.1,1
한국,116.1,117.2,1
땅으로,117.2,117.8,1
향했던,117.8,118.3,1
관심이,118.3,119.0,1
좀,119.0,119.2,1
뚝,119.2,119.4,1
떨어졌다,119.4,119.8,1
계속,119.9,120.6,1
중도층,120.6,121.4,1
에서,121.4,121.6,1
비디오,121.6,121.7,1
감도가,121.7,122.2,1
높아지면서,122.2,122.8,1
황교안,122.8,124.0,1
말씀하셨던,124.0,125.6,1
중원,125.6,126.3,1
전략,126.3,126.7,1
이른바,126.7,127.6,1
중도층을,127.6,128.6,1
잡겠다,128.6,129.1,1
이,129.1,129.4,1
전략에,129.4,130.1,1
지금,130.1,130.3,1
잘,130.3,130.5,1
통하지,130.5,130.8,1
않는,130.8,131.1,1
그런,131.1,131.6,1
상황이,131.6,132.0,1
아닌가,132.0,132.2,1
싶습니다,132.2,132.5,1
많이,132.5,133.2,1
단독,133.2,133.6,1
국회가,133.6,134.0,1
열릴,134.0,134.5,1
경우에,134.5,134.8,1
영어로는,134.8,135.4,1
어떻게,135.4,135.5,1
움직일까,135.5,136.3,1
요거,136.3,136.6,1
말씀드렸듯이,136.6,137.5,1
한국,137.5,138.2,1
땅이,138.2,138.5,1
고립되면,138.5,139.2,1
집도,139.2,140.3,1
피는,140.3,140.5,1
이미,140.5,140.9,1
많이,140.9,141.4,1
결집되어,141.4,141.9,1
있거든요,141.9,142.4,1
30%,142.4,142.9,1
안방으로,142.9,143.6,1
보승이,143.6,144.6,1
집토끼,144.6,144.9,1
막시,144.9,145.2,1
결집되어,145.2,145.8,1
있는데,145.8,146.1,1
중도층,146.1,147.3,1
외면하기,147.3,147.8,1
시작하면,147.8,148.3,1
요,148.3,148.5,1
한국,148.5,149.6,1
땅이,149.6,149.9,1
약,149.9,150.1,1
지지층은,150.1,150.7,1
동요,150.7,151.1,1
하게,151.1,151.3,1
되어,151.3,151.4,1
있습니다,151.4,151.8,1
어,151.8,152.0,1
이러다가,152.0,152.5,1
집권하기,152.5,153.8,1
어렵게,153.8,154.3,1
되겠는데,154.3,154.9,1
라는,154.9,155.3,1
의구심이,155.3,155.9,1
형성될,155.9,156.3,1
수,156.3,156.5,1
있거든,156.5,156.8,1
그렇기,156.8,157.1,1
때문에,157.1,157.6,1
지금은,157.6,158.4,1
황교안,158.4,159.2,1
대표께서,159.2,159.9,1
통큰,159.9,160.5,1
결단을,160.5,160.6,1
좀,160.6,161.2,1
해야,161.2,161.6,1
시점이,161.6,162.1,1
아닌가,162.1,162.3,1
여론조사기관,162.3,164.5,1
별로,164.5,165.0,1
보면은,165.0,165.5,1
한국,165.5,165.8,1
땅이지,165.8,166.0,1
지도가,166.0,166.7,1
리얼미터,166.7,167.7,1
30%,167.7,168.7,1
30%,168.7,170.2,1
만,170.2,170.6,1
밖으로,170.6,171.1,1
그리고,171.1,171.9,1
다른,171.9,172.2,1
데,172.2,172.4,1
보면은,172.4,172.8,1
20%,172.8,173.2,1
초반대로,173.2,173.9,1
나오게,173.9,174.1,1
하지,174.1,174.4,1
크게,174.4,175.1,1
보면,175.1,175.3,1
1%,175.3,176.1,1
포인트,176.1,176.3,1
차이가,176.3,176.7,1
나는데,176.7,177.1,1
네,177.1,177.4,1
그게,177.4,178.0,1
승희,179.9,180.5,1
리얼미터,180.5,181.5,1
주사,181.5,181.7,1
방식으로,181.7,182.4,1
많이,182.4,182.6,1
드러나기,182.6,183.1,1
때문에,183.1,183.6,1
들어,183.6,183.8,1
있지만,183.8,184.2,1
지금,184.2,185.1,1
바쁘지.,185.1,185.4,1
편히,185.4,185.7,1
말씀대로,185.7,186.4,1
한국,186.4,187.0,1
땅이,187.0,187.2,1
흔들리고,187.2,187.7,1
중도층의,187.7,188.3,1
지지를,188.3,188.7,1
받지,188.7,188.9,1
못하면,188.9,189.5,1
20%,189.5,190.2,1
포인트,190.2,190.6,1
정도가,190.6,191.1,1
훅하고,191.1,192.1,1
움직이고,192.1,192.6,1
있다는,192.6,193.2,1
거죠?,193.2,193.5,1
이제,193.5,194.2,1
지난,194.2,194.6,1
주간,194.6,195.0,1
일주일,195.0,196.0,1
1일,196.0,198.2,1
날,198.2,198.3,1
이런데,198.3,198.6,1
보게,198.6,198.8,1
되면은,198.8,199.1,1
이제,199.1,199.3,1
주,199.3,199.8,1
초중반까지는,199.8,200.7,1
김원봉,200.7,201.3,1
서운,201.3,201.6,1
논란,201.6,201.9,1
이라던지,201.9,202.3,1
또,202.3,202.8,1
민경욱,202.8,203.1,1
대변인,203.1,203.2,1
전력질주,203.2,204.7,1
막말,204.7,205.1,1
논란,205.1,205.2,1
있었습니다.,205.2,205.6,1
그때까지는,205.6,207.0,1
사실을,207.0,207.4,1
오히려,207.4,208.2,1
자신의,208.2,208.8,1
지층,208.8,209.3,1
좌측,209.3,209.4,1
토끼는,209.4,209.9,1
결집하는,209.9,210.4,1
장,210.4,210.6,1
나타내,210.6,211.0,1
썼는데,211.0,211.4,1
중후반에,211.4,212.4,1
인제,212.4,212.7,1
기억하겠습니다.,212.7,213.6,1
많이,213.6,214.1,1
환영위원회,214.1,214.5,1
인제,214.5,215.0,1
그다음에,215.0,216.6,1
홍문종,216.6,217.9,1
의원,217.9,218.3,1
이인제,218.3,218.8,1
팔당,218.8,219.2,1
식사하면서,219.2,219.7,1
대한애국당,219.7,220.2,1
공동대표로,220.2,220.9,1
언제,220.9,221.1,1
간다는,221.1,221.4,1
소식이,221.4,221.8,1
전에,221.8,222.3,1
줬죠.,222.3,222.6,1
분열하고,222.6,224.8,1
산토끼를,224.8,226.0,1
떠나가는,226.0,226.5,1
한국이,226.5,227.2,1
지금,227.2,227.4,1
될,227.4,227.6,1
가능성이,227.6,228.1,1
있기,228.1,228.2,1
때문에,228.2,228.6,1
이번,228.6,229.1,1
주,229.1,229.1,1
아까는,229.1,229.4,1
좀,229.4,229.5,1
늦었습니다.,229.5,229.8,1
바른미래당,229.8,230.7,1
제주를,230.7,231.9,1
또,231.9,232.1,1
올라왔거든요.,232.1,232.9,1
한국,232.9,234.0,1
땅이,234.0,234.3,1
외환,234.3,234.8,1
답장을,234.8,235.1,1
못,235.1,235.2,1
하면,235.2,235.5,1
학교,235.5,235.9,1
바른미래당,235.9,236.5,1
올,236.5,236.6,1
가능성이,236.6,237.2,1
충분히,237.2,237.6,1
있기,237.6,237.8,1
때문에,237.8,238.2,1
한국,238.2,239.0,1
땅으로,239.0,239.3,1
쓰는,239.3,239.7,1
줘.,239.7,239.8,1
어,239.8,240.4,1
지금,240.4,240.9,1
상황이,240.9,241.4,1
오전,241.4,242.1,1
기회,242.1,242.4,1
요인보다는,242.4,243.0,1
위,243.0,243.2,1
기운이,243.2,243.5,1
좀,243.5,243.7,1
더,243.7,244.1,1
큰,244.1,244.4,1
상황이,244.4,244.7,1
아닌가,244.7,244.9,1
싶습니다,244.9,245.1,1
지금,245.1,246.2,1
단독,246.2,247.0,1
단독,247.0,248.3,1
이란,248.3,248.5,1
표현은,248.5,248.8,1
그렇습니다,248.8,249.0,1
한국당을,249.0,250.0,1
배제한,250.0,250.6,1
여야,250.6,251.0,1
사당이,251.0,251.5,1
국회를,251.5,251.9,1
여는,251.9,252.3,1
그런,252.3,252.5,1
상황이,252.5,253.0,1
한국,253.0,253.7,1
땅에,253.7,254.0,1
정도,254.0,254.3,1
분리할,254.3,254.7,1
거라고,254.7,255.0,1
하셨잖아요,255.0,255.6,1
혹시,255.6,256.5,1
구입을,256.5,257.6,1
어서,257.6,257.9,1
한국,257.9,259.1,1
땅이,259.1,259.4,1
반사이익이,259.4,260.0,1
받을,260.0,260.2,1
가능성은,260.2,260.6,1
전혀,260.6,260.8,1
없을까요,260.8,261.3,1
이게,261.3,261.6,1
지금,261.6,261.9,1
누가,0.0,0.5,1
보더라도,0.5,0.7000000000000001,1
기다릴,0.7000000000000001,2.1,1
만큼,2.1,2.2,1
기다려,2.2,2.8,1
인형,2.8,3.1,1
보이거든요,3.1,3.6,1
이게,3.6,4.1,1
만약에,4.1,4.5,1
장외투쟁,4.5,5.9,1
후에,5.9,6.3,1
맡길,6.3,6.7,1
이런,6.7,7.3,1
사당이,7.3,8.6,1
국회,8.6,9.5,1
단독,9.5,9.9,1
국회,9.9,10.2,1
빼고,10.2,11.5,1
이렇게,11.5,11.7,1
문을,11.7,12.1,1
연다면,12.1,12.6,1
용품이,12.6,13.3,1
있을,13.3,13.4,1
가능성도,13.4,13.9,1
있지만,13.9,14.3,1
버스,14.3,14.7,1
언제,14.7,14.8,1
두,14.8,15.0,1
다리,15.0,15.2,1
넘고,15.2,15.5,1
넘어가,15.5,16.2,1
때문에,16.2,16.9,1
국민들이,16.9,17.5,1
볼,17.5,17.8,1
때는,17.8,18.1,1
빨리,18.1,18.8,1
문을,18.8,19.1,1
열어라,19.1,19.3,1
상임이,19.3,20.0,1
부터라도,20.0,20.6,1
빨리,20.6,20.9,1
시작해라,20.9,21.4,1
이러는,21.4,22.1,1
어떤,22.1,22.3,1
요가,22.3,22.6,1
크기,22.6,22.9,1
때문에,22.9,23.3,1
저는,23.3,23.6,1
역풍,23.6,25.0,1
입을,25.0,25.3,1
가능성이,25.3,25.6,1
크지,25.6,26.7,1
않다,26.7,27.0,1
이렇게,27.0,27.4,1
분만,27.4,29.5,1
열고,29.5,29.7,1
사실상,29.7,30.1,1
파행이,30.1,30.6,1
이어진다면,30.6,31.2,1
아마추,31.2,33.2,1
경희대,33.2,33.6,1
아빠에게,33.6,34.0,1
국민적,34.0,34.5,1
아빠에게,34.5,34.8,1
더욱,34.8,35.1,1
거세질,35.1,35.5,1
겁니다,35.5,35.9,1
문을,35.9,36.8,1
열었는데,36.8,37.2,1
일을,37.2,37.5,1
안,37.5,37.6,1
한다,37.6,37.9,1
용,37.9,38.8,1
답하겠습니다,38.8,39.2,1
국민은,39.2,39.9,1
국민들이,39.9,40.6,1
지금은,40.6,41.8,1
시간이,41.8,42.8,1
한,42.8,43.0,1
편이,43.0,44.0,1
아니다,44.0,44.3,1
이것을,44.3,45.2,1
빨리,45.2,45.6,1
그,45.6,45.9,1
깨닫는,45.9,46.4,1
게,46.4,46.6,1
중요하다,46.6,47.1,1
알겠습니다,47.1,48.7,1
얼굴에는,48.7,49.7,1
대통령,49.7,50.5,1
국정,50.5,50.7,1
수행,50.7,51.1,1
에,51.1,51.2,1
대한,51.2,51.4,1
평가도,51.4,51.8,1
확인해,51.8,52.1,1
보세요,52.1,52.4,1
누가,0.0,0.5,1
보더라도,0.5,0.7000000000000001,1
기다릴,0.7000000000000001,2.1,1
만큼,2.1,2.2,1
기다려,2.2,2.8,1
인형,2.8,3.1,1
보이거든요,3.1,3.6,1
이게,3.6,4.1,1
만약에,4.1,4.5,1
장외투쟁,4.5,5.9,1
후에,5.9,6.3,1
맡길,6.3,6.7,1
이런,6.7,7.3,1
사당이,7.3,8.6,1
국회,8.6,9.5,1
단독,9.5,9.9,1
국회,9.9,10.2,1
빼고,10.2,11.5,1
이렇게,11.5,11.7,1
문을,11.7,12.1,1
연다면,12.1,12.6,1
용품이,12.6,13.3,1
있을,13.3,13.4,1
가능성도,13.4,13.9,1
있지만,13.9,14.3,1
버스,14.3,14.7,1
언제,14.7,14.8,1
두,14.8,15.0,1
다리,15.0,15.2,1
넘고,15.2,15.5,1
넘어가,15.5,16.2,1
때문에,16.2,16.9,1
국민들이,16.9,17.5,1
볼,17.5,17.8,1
때는,17.8,18.1,1
빨리,18.1,18.8,1
문을,18.8,19.1,1
열어라,19.1,19.3,1
상임이,19.3,20.0,1
부터라도,20.0,20.6,1
빨리,20.6,20.9,1
시작해라,20.9,21.4,1
이러는,21.4,22.1,1
어떤,22.1,22.3,1
요가,22.3,22.6,1
크기,22.6,22.9,1
때문에,22.9,23.3,1
저는,23.3,23.6,1
역풍,23.6,25.0,1
입을,25.0,25.3,1
가능성이,25.3,25.6,1
크지,25.6,26.7,1
않다,26.7,27.0,1
이렇게,27.0,27.4,1
분만,27.4,29.5,1
열고,29.5,29.7,1
사실상,29.7,30.1,1
파행이,30.1,30.6,1
이어진다면,30.6,31.2,1
아마추,31.2,33.2,1
경희대,33.2,33.6,1
아빠에게,33.6,34.0,1
국민적,34.0,34.5,1
아빠에게,34.5,34.8,1
더욱,34.8,35.1,1
거세질,35.1,35.5,1
겁니다,35.5,35.9,1
문을,35.9,36.8,1
열었는데,36.8,37.2,1
일을,37.2,37.5,1
안,37.5,37.6,1
한다,37.6,37.9,1
용,37.9,38.8,1
답하겠습니다,38.8,39.2,1
국민은,39.2,39.9,1
국민들이,39.9,40.6,1
지금은,40.6,41.8,1
시간이,41.8,42.8,1
한,42.8,43.0,1
편이,43.0,44.0,1
아니다,44.0,44.3,1
이것을,44.3,45.2,1
빨리,45.2,45.6,1
그,45.6,45.9,1
깨닫는,45.9,46.4,1
게,46.4,46.6,1
중요하다,46.6,47.1,1
알겠습니다,47.1,48.7,1
얼굴에는,48.7,49.7,1
대통령,49.7,50.5,1
국정,50.5,50.7,1
수행,50.7,51.1,1
에,51.1,51.2,1
대한,51.2,51.4,1
평가도,51.4,51.8,1
확인해,51.8,52.1,1
보세요,52.1,52.4,1
메뉴얼,54.4,55.3,1
두,55.3,55.9,1
번째,55.9,56.2,1
주,56.2,56.3,1
문재인,56.3,57.1,1
대통령,57.1,57.5,1
국정,57.5,57.7,1
수행,57.7,58.2,1
평가,58.2,58.7,1
긍정,58.7,59.2,1
평가가,59.2,59.8,1
전주보다,59.8,60.8,1
1.5%,60.8,61.6,1
포인트,61.6,61.9,1
상승해서,61.9,62.7,1
49.5%,62.7,64.2,1
절반수준에,64.2,66.2,1
육박했습니다,66.2,67.1,1
그리고,67.1,67.5,1
부장,67.5,67.8,1
평가는,67.8,68.3,1
또,68.3,69.0,1
소폭,69.0,69.4,1
하락,69.4,69.8,1
했습니다,69.8,70.0,1
45.3%,70.0,71.5,1
로,71.5,71.5,1
금,71.5,73.0,1
구정,73.0,73.4,1
격차가,73.4,74.7,1
4.1%,74.7,76.4,1
포인트네요,76.4,77.5,1
이,77.5,78.4,1
대표님,78.4,78.8,1
이번,78.8,79.2,1
조사,79.2,79.6,1
오차범위가,79.6,81.4,1
플러스,81.4,81.7,1
마이너스,81.7,82.0,1
3%,82.0,83.0,1
4%,83.0,83.6,1
5%,83.6,85.8,1
그렇습니다,85.8,86.6,1
최근,86.6,88.0,1
들어서는,88.0,88.3,1
오차범위를,88.3,89.0,1
경계선은,89.0,90.0,1
겁나,90.0,90.3,1
지르고,90.3,91.3,1
게다가,91.3,91.8,1
이번,91.8,92.4,1
주는,92.4,92.8,1
긍정,92.8,93.2,1
평가가,93.2,93.6,1
이제,93.6,93.8,1
많이,93.8,94.3,1
앞쪽이,94.3,94.6,1
착했는데,94.6,94.9,1
유럽,94.9,96.2,1
순방,96.2,96.4,1
효과가,96.4,97.0,1
있었습니다,97.0,97.5,1
근데,97.5,98.0,1
그,98.0,98.3,1
다음에,98.3,98.6,1
이희호,98.6,99.3,1
여사,99.3,99.6,1
관제사,99.6,100.3,1
회장을,100.3,101.3,1
쳤는데,101.3,101.8,1
북한에선,101.8,102.7,1
제주,102.7,103.1,1
뭐,103.1,103.2,1
좋은,103.2,103.5,1
거,103.5,103.8,1
좋아가,103.8,104.4,1
전달이,104.4,104.7,1
됐죠,104.7,104.9,1
문재인,104.9,106.3,1
대통령이,106.3,106.9,1
6월중에,106.9,107.7,1
남북정사회담,107.7,108.4,1
가능성도,108.4,109.2,1
관련된,109.2,109.9,1
보도관제,109.9,110.7,1
오졌구요,110.7,111.2,1
그러면서,111.2,112.1,1
문재인,112.1,112.7,1
대통령님이,112.7,113.2,1
높아졌는데,113.2,113.8,1
좀,113.8,114.3,1
누가,0.0,0.5,1
보더라도,0.5,0.7000000000000001,1
기다릴,0.7000000000000001,2.1,1
만큼,2.1,2.2,1
기다려,2.2,2.8,1
인형,2.8,3.1,1
보이거든요,3.1,3.6,1
이게,3.6,4.1,1
만약에,4.1,4.5,1
장외투쟁,4.5,5.9,1
후에,5.9,6.3,1
맡길,6.3,6.7,1
이런,6.7,7.3,1
사당이,7.3,8.6,1
국회,8.6,9.5,1
단독,9.5,9.9,1
국회,9.9,10.2,1
빼고,10.2,11.5,1
이렇게,11.5,11.7,1
문을,11.7,12.1,1
연다면,12.1,12.6,1
용품이,12.6,13.3,1
있을,13.3,13.4,1
가능성도,13.4,13.9,1
있지만,13.9,14.3,1
버스,14.3,14.7,1
언제,14.7,14.8,1
두,14.8,15.0,1
다리,15.0,15.2,1
넘고,15.2,15.5,1
넘어가,15.5,16.2,1
때문에,16.2,16.9,1
국민들이,16.9,17.5,1
볼,17.5,17.8,1
때는,17.8,18.1,1
빨리,18.1,18.8,1
문을,18.8,19.1,1
열어라,19.1,19.3,1
상임이,19.3,20.0,1
부터라도,20.0,20.6,1
빨리,20.6,20.9,1
시작해라,20.9,21.4,1
이러는,21.4,22.1,1
어떤,22.1,22.3,1
요가,22.3,22.6,1
크기,22.6,22.9,1
때문에,22.9,23.3,1
저는,23.3,23.6,1
역풍,23.6,25.0,1
입을,25.0,25.3,1
가능성이,25.3,25.6,1
크지,25.6,26.7,1
않다,26.7,27.0,1
이렇게,27.0,27.4,1
분만,27.4,29.5,1
열고,29.5,29.7,1
사실상,29.7,30.1,1
파행이,30.1,30.6,1
이어진다면,30.6,31.2,1
아마추,31.2,33.2,1
경희대,33.2,33.6,1
아빠에게,33.6,34.0,1
국민적,34.0,34.5,1
아빠에게,34.5,34.8,1
더욱,34.8,35.1,1
거세질,35.1,35.5,1
겁니다,35.5,35.9,1
문을,35.9,36.8,1
열었는데,36.8,37.2,1
일을,37.2,37.5,1
안,37.5,37.6,1
한다,37.6,37.9,1
용,37.9,38.8,1
답하겠습니다,38.8,39.2,1
국민은,39.2,39.9,1
국민들이,39.9,40.6,1
지금은,40.6,41.8,1
시간이,41.8,42.8,1
한,42.8,43.0,1
편이,43.0,44.0,1
아니다,44.0,44.3,1
이것을,44.3,45.2,1
빨리,45.2,45.6,1
그,45.6,45.9,1
깨닫는,45.9,46.4,1
게,46.4,46.6,1
중요하다,46.6,47.1,1
알겠습니다,47.1,48.7,1
얼굴에는,48.7,49.7,1
대통령,49.7,50.5,1
국정,50.5,50.7,1
수행,50.7,51.1,1
에,51.1,51.2,1
대한,51.2,51.4,1
평가도,51.4,51.8,1
확인해,51.8,52.1,1
보세요,52.1,52.4,1
메뉴얼,54.4,55.3,1
두,55.3,55.9,1
번째,55.9,56.2,1
주,56.2,56.3,1
문재인,56.3,57.1,1
대통령,57.1,57.5,1
국정,57.5,57.7,1
수행,57.7,58.2,1
평가,58.2,58.7,1
긍정,58.7,59.2,1
평가가,59.2,59.8,1
전주보다,59.8,60.8,1
1.5%,60.8,61.6,1
포인트,61.6,61.9,1
상승해서,61.9,62.7,1
49.5%,62.7,64.2,1
절반수준에,64.2,66.2,1
육박했습니다,66.2,67.1,1
그리고,67.1,67.5,1
부장,67.5,67.8,1
평가는,67.8,68.3,1
또,68.3,69.0,1
소폭,69.0,69.4,1
하락,69.4,69.8,1
했습니다,69.8,70.0,1
45.3%,70.0,71.5,1
로,71.5,71.5,1
금,71.5,73.0,1
구정,73.0,73.4,1
격차가,73.4,74.7,1
4.1%,74.7,76.4,1
포인트네요,76.4,77.5,1
이,77.5,78.4,1
대표님,78.4,78.8,1
이번,78.8,79.2,1
조사,79.2,79.6,1
오차범위가,79.6,81.4,1
플러스,81.4,81.7,1
마이너스,81.7,82.0,1
3%,82.0,83.0,1
4%,83.0,83.6,1
5%,83.6,85.8,1
그렇습니다,85.8,86.6,1
최근,86.6,88.0,1
들어서는,88.0,88.3,1
오차범위를,88.3,89.0,1
경계선은,89.0,90.0,1
겁나,90.0,90.3,1
지르고,90.3,91.3,1
게다가,91.3,91.8,1
이번,91.8,92.4,1
주는,92.4,92.8,1
긍정,92.8,93.2,1
평가가,93.2,93.6,1
이제,93.6,93.8,1
많이,93.8,94.3,1
앞쪽이,94.3,94.6,1
착했는데,94.6,94.9,1
유럽,94.9,96.2,1
순방,96.2,96.4,1
효과가,96.4,97.0,1
있었습니다,97.0,97.5,1
근데,97.5,98.0,1
그,98.0,98.3,1
다음에,98.3,98.6,1
이희호,98.6,99.3,1
여사,99.3,99.6,1
관제사,99.6,100.3,1
회장을,100.3,101.3,1
쳤는데,101.3,101.8,1
북한에선,101.8,102.7,1
제주,102.7,103.1,1
뭐,103.1,103.2,1
좋은,103.2,103.5,1
거,103.5,103.8,1
좋아가,103.8,104.4,1
전달이,104.4,104.7,1
됐죠,104.7,104.9,1
문재인,104.9,106.3,1
대통령이,106.3,106.9,1
6월중에,106.9,107.7,1
남북정사회담,107.7,108.4,1
가능성도,108.4,109.2,1
관련된,109.2,109.9,1
보도관제,109.9,110.7,1
오졌구요,110.7,111.2,1
그러면서,111.2,112.1,1
문재인,112.1,112.7,1
대통령님이,112.7,113.2,1
높아졌는데,113.2,113.8,1
좀,113.8,114.3,1
그,114.3,114.9,1
세분화해서,114.9,115.7,1
보면,115.7,116.2,1
5월,116.2,117.1,1
첫째,117.1,117.4,1
주부터,117.4,117.7,1
매우,117.7,118.1,1
잘,118.1,118.4,1
한다,118.4,118.6,1
라는,118.6,119.3,1
의견이,119.3,119.7,1
잘한다는,119.7,120.4,1
잘하는,120.4,121.1,1
편보다,121.1,121.5,1
높아졌습니다,121.5,122.2,1
지나,122.2,123.4,1
5월초부터,123.4,123.9,1
그렇게,123.9,124.5,1
됐는데요,124.5,124.9,1
이게,124.9,125.5,1
이제,125.5,125.6,1
국회단지,125.6,126.8,1
폭력사태로,126.8,127.6,1
인원,127.6,127.8,1
파악,127.8,128.0,1
그다음에,128.0,128.7,1
한국당,128.7,129.9,1
의원들,129.9,129.9,1
막말,129.9,130.6,1
이어지면서,130.6,132.2,1
어떻게,132.2,133.0,1
보는지에,133.0,133.4,1
문재인,133.4,133.8,1
대통령,133.8,134.1,1
정통성에,134.1,134.7,1
11번은,134.7,135.5,1
촛불을,135.5,137.5,1
들었던,137.5,137.8,1
그,137.8,138.9,1
계층들이,138.9,139.4,1
다시,139.4,140.0,1
결집하는,140.0,140.5,1
모습,140.5,140.9,1
그동안은,140.9,142.4,1
굉장히,142.4,142.9,1
오랫동안,142.9,143.4,1
잘,143.4,143.5,1
하는,143.5,143.7,1
편이에요,143.7,144.0,1
봤습니다,144.0,144.4,1
구정,144.4,145.4,1
평가는,145.4,145.7,1
매우,145.7,146.0,1
잘,146.0,146.3,1
못,146.3,146.5,1
한다는,146.5,146.9,1
의견이,146.9,147.4,1
높아서,147.4,147.7,1
그래,147.7,147.9,1
근데,147.9,148.0,1
그,148.0,148.6,1
같은,148.6,149.6,1
48%,149.6,150.6,1
9%,150.6,151.0,1
지만,151.0,151.6,1
매우,151.6,152.1,1
잘,152.1,152.3,1
한다는,152.3,152.8,1
것이,152.8,153.0,1
승이,153.0,153.3,1
아주,153.3,153.5,1
결집하고,153.5,154.1,1
있다,154.1,154.3,1
이런,154.3,154.6,1
경향성이,154.6,155.5,1
발견이,155.5,155.9,1
되면서,155.9,156.4,1
오차범위를,156.4,157.7,1
없는,157.7,158.0,1
근접효과,158.0,158.4,1
나타난,158.4,158.9,1
것은,158.9,159.2,1
저는,159.2,159.5,1
이번에,159.5,160.4,1
그,160.4,160.7,1
격벽과,160.7,161.1,1
소폭이지만,161.1,161.7,1
올,161.7,162.2,1
뉴,162.2,163.0,1
중에,163.0,163.3,1
가장,163.3,163.6,1
큰,163.6,163.8,1
이유를,163.8,164.3,1
순방,164.3,165.2,1
유교,165.2,165.5,1
선거로,165.5,166.2,1
봅니다,166.2,166.5,1
왜냐하면,166.5,166.8,1
민경욱,166.8,168.2,1
대변인,168.2,168.3,1
한국당대변인,168.3,169.8,1
질이라는,169.8,171.4,1
발원했습니다,171.4,172.1,1
온라인,172.1,172.8,1
좀,172.8,172.9,1
됐습니다,172.9,173.3,1
누가,0.0,0.5,1
보더라도,0.5,0.7000000000000001,1
기다릴,0.7000000000000001,2.1,1
만큼,2.1,2.2,1
기다려,2.2,2.8,1
인형,2.8,3.1,1
보이거든요,3.1,3.6,1
이게,3.6,4.1,1
만약에,4.1,4.5,1
장외투쟁,4.5,5.9,1
후에,5.9,6.3,1
맡길,6.3,6.7,1
이런,6.7,7.3,1
사당이,7.3,8.6,1
국회,8.6,9.5,1
단독,9.5,9.9,1
국회,9.9,10.2,1
빼고,10.2,11.5,1
이렇게,11.5,11.7,1
문을,11.7,12.1,1
연다면,12.1,12.6,1
용품이,12.6,13.3,1
있을,13.3,13.4,1
가능성도,13.4,13.9,1
있지만,13.9,14.3,1
버스,14.3,14.7,1
언제,14.7,14.8,1
두,14.8,15.0,1
다리,15.0,15.2,1
넘고,15.2,15.5,1
넘어가,15.5,16.2,1
때문에,16.2,16.9,1
국민들이,16.9,17.5,1
볼,17.5,17.8,1
때는,17.8,18.1,1
빨리,18.1,18.8,1
문을,18.8,19.1,1
열어라,19.1,19.3,1
상임이,19.3,20.0,1
부터라도,20.0,20.6,1
빨리,20.6,20.9,1
시작해라,20.9,21.4,1
이러는,21.4,22.1,1
어떤,22.1,22.3,1
요가,22.3,22.6,1
크기,22.6,22.9,1
때문에,22.9,23.3,1
저는,23.3,23.6,1
역풍,23.6,25.0,1
입을,25.0,25.3,1
가능성이,25.3,25.6,1
크지,25.6,26.7,1
않다,26.7,27.0,1
이렇게,27.0,27.4,1
분만,27.4,29.5,1
열고,29.5,29.7,1
사실상,29.7,30.1,1
파행이,30.1,30.6,1
이어진다면,30.6,31.2,1
아마추,31.2,33.2,1
경희대,33.2,33.6,1
아빠에게,33.6,34.0,1
국민적,34.0,34.5,1
아빠에게,34.5,34.8,1
더욱,34.8,35.1,1
거세질,35.1,35.5,1
겁니다,35.5,35.9,1
문을,35.9,36.8,1
열었는데,36.8,37.2,1
일을,37.2,37.5,1
안,37.5,37.6,1
한다,37.6,37.9,1
용,37.9,38.8,1
답하겠습니다,38.8,39.2,1
국민은,39.2,39.9,1
국민들이,39.9,40.6,1
지금은,40.6,41.8,1
시간이,41.8,42.8,1
한,42.8,43.0,1
편이,43.0,44.0,1
아니다,44.0,44.3,1
이것을,44.3,45.2,1
빨리,45.2,45.6,1
그,45.6,45.9,1
깨닫는,45.9,46.4,1
게,46.4,46.6,1
중요하다,46.6,47.1,1
알겠습니다,47.1,48.7,1
얼굴에는,48.7,49.7,1
대통령,49.7,50.5,1
국정,50.5,50.7,1
수행,50.7,51.1,1
에,51.1,51.2,1
대한,51.2,51.4,1
평가도,51.4,51.8,1
확인해,51.8,52.1,1
보세요,52.1,52.4,1
메뉴얼,54.4,55.3,1
두,55.3,55.9,1
번째,55.9,56.2,1
주,56.2,56.3,1
문재인,56.3,57.1,1
대통령,57.1,57.5,1
국정,57.5,57.7,1
수행,57.7,58.2,1
평가,58.2,58.7,1
긍정,58.7,59.2,1
평가가,59.2,59.8,1
전주보다,59.8,60.8,1
1.5%,60.8,61.6,1
포인트,61.6,61.9,1
상승해서,61.9,62.7,1
49.5%,62.7,64.2,1
절반수준에,64.2,66.2,1
육박했습니다,66.2,67.1,1
그리고,67.1,67.5,1
부장,67.5,67.8,1
평가는,67.8,68.3,1
또,68.3,69.0,1
소폭,69.0,69.4,1
하락,69.4,69.8,1
했습니다,69.8,70.0,1
45.3%,70.0,71.5,1
로,71.5,71.5,1
금,71.5,73.0,1
구정,73.0,73.4,1
격차가,73.4,74.7,1
4.1%,74.7,76.4,1
포인트네요,76.4,77.5,1
이,77.5,78.4,1
대표님,78.4,78.8,1
이번,78.8,79.2,1
조사,79.2,79.6,1
오차범위가,79.6,81.4,1
플러스,81.4,81.7,1
마이너스,81.7,82.0,1
3%,82.0,83.0,1
4%,83.0,83.6,1
5%,83.6,85.8,1
그렇습니다,85.8,86.6,1
최근,86.6,88.0,1
들어서는,88.0,88.3,1
오차범위를,88.3,89.0,1
경계선은,89.0,90.0,1
겁나,90.0,90.3,1
지르고,90.3,91.3,1
게다가,91.3,91.8,1
이번,91.8,92.4,1
주는,92.4,92.8,1
긍정,92.8,93.2,1
평가가,93.2,93.6,1
이제,93.6,93.8,1
많이,93.8,94.3,1
앞쪽이,94.3,94.6,1
착했는데,94.6,94.9,1
유럽,94.9,96.2,1
순방,96.2,96.4,1
효과가,96.4,97.0,1
있었습니다,97.0,97.5,1
근데,97.5,98.0,1
그,98.0,98.3,1
다음에,98.3,98.6,1
이희호,98.6,99.3,1
여사,99.3,99.6,1
관제사,99.6,100.3,1
회장을,100.3,101.3,1
쳤는데,101.3,101.8,1
북한에선,101.8,102.7,1
제주,102.7,103.1,1
뭐,103.1,103.2,1
좋은,103.2,103.5,1
거,103.5,103.8,1
좋아가,103.8,104.4,1
전달이,104.4,104.7,1
됐죠,104.7,104.9,1
문재인,104.9,106.3,1
대통령이,106.3,106.9,1
6월중에,106.9,107.7,1
남북정사회담,107.7,108.4,1
가능성도,108.4,109.2,1
관련된,109.2,109.9,1
보도관제,109.9,110.7,1
오졌구요,110.7,111.2,1
그러면서,111.2,112.1,1
문재인,112.1,112.7,1
대통령님이,112.7,113.2,1
높아졌는데,113.2,113.8,1
좀,113.8,114.3,1
그,114.3,114.9,1
세분화해서,114.9,115.7,1
보면,115.7,116.2,1
5월,116.2,117.1,1
첫째,117.1,117.4,1
주부터,117.4,117.7,1
매우,117.7,118.1,1
잘,118.1,118.4,1
한다,118.4,118.6,1
라는,118.6,119.3,1
의견이,119.3,119.7,1
잘한다는,119.7,120.4,1
잘하는,120.4,121.1,1
편보다,121.1,121.5,1
높아졌습니다,121.5,122.2,1
지나,122.2,123.4,1
5월초부터,123.4,123.9,1
그렇게,123.9,124.5,1
됐는데요,124.5,124.9,1
이게,124.9,125.5,1
이제,125.5,125.6,1
국회단지,125.6,126.8,1
폭력사태로,126.8,127.6,1
인원,127.6,127.8,1
파악,127.8,128.0,1
그다음에,128.0,128.7,1
한국당,128.7,129.9,1
의원들,129.9,129.9,1
막말,129.9,130.6,1
이어지면서,130.6,132.2,1
어떻게,132.2,133.0,1
보는지에,133.0,133.4,1
문재인,133.4,133.8,1
대통령,133.8,134.1,1
정통성에,134.1,134.7,1
11번은,134.7,135.5,1
촛불을,135.5,137.5,1
들었던,137.5,137.8,1
그,137.8,138.9,1
계층들이,138.9,139.4,1
다시,139.4,140.0,1
결집하는,140.0,140.5,1
모습,140.5,140.9,1
그동안은,140.9,142.4,1
굉장히,142.4,142.9,1
오랫동안,142.9,143.4,1
잘,143.4,143.5,1
하는,143.5,143.7,1
편이에요,143.7,144.0,1
봤습니다,144.0,144.4,1
구정,144.4,145.4,1
평가는,145.4,145.7,1
매우,145.7,146.0,1
잘,146.0,146.3,1
못,146.3,146.5,1
한다는,146.5,146.9,1
의견이,146.9,147.4,1
높아서,147.4,147.7,1
그래,147.7,147.9,1
근데,147.9,148.0,1
그,148.0,148.6,1
같은,148.6,149.6,1
48%,149.6,150.6,1
9%,150.6,151.0,1
지만,151.0,151.6,1
매우,151.6,152.1,1
잘,152.1,152.3,1
한다는,152.3,152.8,1
것이,152.8,153.0,1
승이,153.0,153.3,1
아주,153.3,153.5,1
결집하고,153.5,154.1,1
있다,154.1,154.3,1
이런,154.3,154.6,1
경향성이,154.6,155.5,1
발견이,155.5,155.9,1
되면서,155.9,156.4,1
오차범위를,156.4,157.7,1
없는,157.7,158.0,1
근접효과,158.0,158.4,1
나타난,158.4,158.9,1
것은,158.9,159.2,1
저는,159.2,159.5,1
이번에,159.5,160.4,1
그,160.4,160.7,1
격벽과,160.7,161.1,1
소폭이지만,161.1,161.7,1
올,161.7,162.2,1
뉴,162.2,163.0,1
중에,163.0,163.3,1
가장,163.3,163.6,1
큰,163.6,163.8,1
이유를,163.8,164.3,1
순방,164.3,165.2,1
유교,165.2,165.5,1
선거로,165.5,166.2,1
봅니다,166.2,166.5,1
왜냐하면,166.5,166.8,1
민경욱,166.8,168.2,1
대변인,168.2,168.3,1
한국당대변인,168.3,169.8,1
질이라는,169.8,171.4,1
발원했습니다,171.4,172.1,1
온라인,172.1,172.8,1
좀,172.8,172.9,1
됐습니다,172.9,173.3,1
1분,174.3,176.0,1
이제,176.0,176.2,1
신문에서,176.2,176.8,1
또,176.8,177.0,1
비판론,177.0,177.6,1
떠났습니다,177.6,178.2,1
일하다,178.2,178.9,1
보니까,178.9,179.2,1
국민들이,179.2,179.8,1
그,179.8,180.6,1
대통령,180.6,181.1,1
순방,181.1,181.3,1
에,181.3,181.6,1
대해서,181.6,182.0,1
좀,182.0,182.2,1
깊이,182.2,182.8,1
들여다보는,182.8,183.1,1
계기가,183.1,183.9,1
되었던,183.9,184.1,1
것은,184.1,184.5,1
과연,184.5,184.7,1
어떻게,184.7,185.1,1
하고,185.1,185.3,1
있지,185.3,185.6,1
라고,185.6,185.8,1
관심을,185.8,186.2,1
귤,186.2,187.0,1
했는데,187.0,187.4,1
오슬로,187.4,188.3,1
사는,188.3,188.7,1
오늘,188.7,189.2,1
하면서,189.2,189.6,1
평화를,189.6,190.3,1
도광제,190.3,190.8,1
했고요,190.8,191.2,1
거기에,191.2,191.8,1
머물지,191.8,192.4,1
않고,192.4,192.5,1
스타트업,192.5,193.5,1
에,193.5,193.6,1
대한,193.6,193.8,1
생태계를,193.8,194.3,1
광주,194.3,194.7,1
한다든가,194.7,195.1,1
부산,195.1,196.0,1
헬싱키,196.0,196.6,1
직항노선,196.6,197.3,1
그다음에,197.3,198.0,1
이제,198.0,198.2,1
그,198.2,198.2,1
제약사의,198.2,199.2,1
투자를,199.2,199.6,1
유치하고,199.6,199.7,1
이런,199.7,200.3,1
경제정보를,200.3,201.3,1
같이,201.3,201.7,1
하셨거든요,201.7,202.5,1
이런,202.5,203.1,1
것들이,203.1,203.6,1
국민들,203.6,203.7,1
눈에,203.7,204.3,1
신선하게,204.3,205.4,1
보였다,205.4,205.7,1
하나,205.7,206.8,1
있고요,206.8,207.1,1
그리고,207.1,207.6,1
u-20,207.6,209.2,1
월드컵,209.2,209.7,1
우리,209.7,210.5,1
그,210.5,210.9,1
어린,210.9,211.9,1
우리,211.9,212.5,1
축구,212.5,213.1,1
대표,213.1,213.4,1
축구,213.4,213.5,1
대표팀의,213.5,214.1,1
선전,214.1,214.6,1
이것도,214.6,215.2,1
또,215.2,215.4,1
영향을,215.4,215.7,1
미쳤고,215.7,216.1,1
요,216.1,216.2,1
국회,216.2,216.9,1
가진,216.9,217.2,1
마비,217.2,217.5,1
중이지만,217.5,217.9,1
나름대로,217.9,218.8,1
정부하고,218.8,219.8,1
그당이,219.8,220.7,1
일을,220.7,221.1,1
하고,221.1,221.3,1
있다,221.3,221.5,1
당정협의,221.5,222.2,1
를,222.2,222.3,1
통해서,222.3,222.7,1
뭔가,222.7,223.3,1
일을,223.3,223.6,1
하고,223.6,223.8,1
있다니,223.8,224.1,1
이미지를,224.1,224.5,1
좀,224.5,224.6,1
준,224.6,224.8,1
측면도,224.8,225.2,1
있습니다,225.2,225.5,1
이제,225.5,225.6,1
구미와,225.6,226.3,1
밀양에,226.3,227.0,1
상생형,227.0,227.5,1
일자리,227.5,228.0,1
강조,228.0,228.4,1
했고요,228.4,228.7,1
2장,228.7,229.5,1
통장,229.5,229.9,1
그대,229.9,230.2,1
그리고,230.2,230.6,1
군사병,230.6,231.2,1
들을,231.2,231.4,1
월급,231.4,231.7,1
급여,231.7,231.8,1
이런,231.8,232.4,1
것들이,232.4,232.7,1
좀,232.7,232.7,1
인상하면서,232.7,233.3,1
뭔가,233.3,233.6,1
국회,233.6,234.2,1
누가,0.0,0.5,1
보더라도,0.5,0.7000000000000001,1
기다릴,0.7000000000000001,2.1,1
만큼,2.1,2.2,1
기다려,2.2,2.8,1
인형,2.8,3.1,1
보이거든요,3.1,3.6,1
이게,3.6,4.1,1
만약에,4.1,4.5,1
장외투쟁,4.5,5.9,1
후에,5.9,6.3,1
맡길,6.3,6.7,1
이런,6.7,7.3,1
사당이,7.3,8.6,1
국회,8.6,9.5,1
단독,9.5,9.9,1
국회,9.9,10.2,1
빼고,10.2,11.5,1
이렇게,11.5,11.7,1
문을,11.7,12.1,1
연다면,12.1,12.6,1
용품이,12.6,13.3,1
있을,13.3,13.4,1
가능성도,13.4,13.9,1
있지만,13.9,14.3,1
버스,14.3,14.7,1
언제,14.7,14.8,1
두,14.8,15.0,1
다리,15.0,15.2,1
넘고,15.2,15.5,1
넘어가,15.5,16.2,1
때문에,16.2,16.9,1
국민들이,16.9,17.5,1
볼,17.5,17.8,1
때는,17.8,18.1,1
빨리,18.1,18.8,1
문을,18.8,19.1,1
열어라,19.1,19.3,1
상임이,19.3,20.0,1
부터라도,20.0,20.6,1
빨리,20.6,20.9,1
시작해라,20.9,21.4,1
이러는,21.4,22.1,1
어떤,22.1,22.3,1
요가,22.3,22.6,1
크기,22.6,22.9,1
때문에,22.9,23.3,1
저는,23.3,23.6,1
역풍,23.6,25.0,1
입을,25.0,25.3,1
가능성이,25.3,25.6,1
크지,25.6,26.7,1
않다,26.7,27.0,1
이렇게,27.0,27.4,1
분만,27.4,29.5,1
열고,29.5,29.7,1
사실상,29.7,30.1,1
파행이,30.1,30.6,1
이어진다면,30.6,31.2,1
아마추,31.2,33.2,1
경희대,33.2,33.6,1
아빠에게,33.6,34.0,1
국민적,34.0,34.5,1
아빠에게,34.5,34.8,1
더욱,34.8,35.1,1
거세질,35.1,35.5,1
겁니다,35.5,35.9,1
문을,35.9,36.8,1
열었는데,36.8,37.2,1
일을,37.2,37.5,1
안,37.5,37.6,1
한다,37.6,37.9,1
용,37.9,38.8,1
답하겠습니다,38.8,39.2,1
국민은,39.2,39.9,1
국민들이,39.9,40.6,1
지금은,40.6,41.8,1
시간이,41.8,42.8,1
한,42.8,43.0,1
편이,43.0,44.0,1
아니다,44.0,44.3,1
이것을,44.3,45.2,1
빨리,45.2,45.6,1
그,45.6,45.9,1
깨닫는,45.9,46.4,1
게,46.4,46.6,1
중요하다,46.6,47.1,1
알겠습니다,47.1,48.7,1
얼굴에는,48.7,49.7,1
대통령,49.7,50.5,1
국정,50.5,50.7,1
수행,50.7,51.1,1
에,51.1,51.2,1
대한,51.2,51.4,1
평가도,51.4,51.8,1
확인해,51.8,52.1,1
보세요,52.1,52.4,1
메뉴얼,54.4,55.3,1
두,55.3,55.9,1
번째,55.9,56.2,1
주,56.2,56.3,1
문재인,56.3,57.1,1
대통령,57.1,57.5,1
국정,57.5,57.7,1
수행,57.7,58.2,1
평가,58.2,58.7,1
긍정,58.7,59.2,1
평가가,59.2,59.8,1
전주보다,59.8,60.8,1
1.5%,60.8,61.6,1
포인트,61.6,61.9,1
상승해서,61.9,62.7,1
49.5%,62.7,64.2,1
절반수준에,64.2,66.2,1
육박했습니다,66.2,67.1,1
그리고,67.1,67.5,1
부장,67.5,67.8,1
평가는,67.8,68.3,1
또,68.3,69.0,1
소폭,69.0,69.4,1
하락,69.4,69.8,1
했습니다,69.8,70.0,1
45.3%,70.0,71.5,1
로,71.5,71.5,1
금,71.5,73.0,1
구정,73.0,73.4,1
격차가,73.4,74.7,1
4.1%,74.7,76.4,1
포인트네요,76.4,77.5,1
이,77.5,78.4,1
대표님,78.4,78.8,1
이번,78.8,79.2,1
조사,79.2,79.6,1
오차범위가,79.6,81.4,1
플러스,81.4,81.7,1
마이너스,81.7,82.0,1
3%,82.0,83.0,1
4%,83.0,83.6,1
5%,83.6,85.8,1
그렇습니다,85.8,86.6,1
최근,86.6,88.0,1
들어서는,88.0,88.3,1
오차범위를,88.3,89.0,1
경계선은,89.0,90.0,1
겁나,90.0,90.3,1
지르고,90.3,91.3,1
게다가,91.3,91.8,1
이번,91.8,92.4,1
주는,92.4,92.8,1
긍정,92.8,93.2,1
평가가,93.2,93.6,1
이제,93.6,93.8,1
많이,93.8,94.3,1
앞쪽이,94.3,94.6,1
착했는데,94.6,94.9,1
유럽,94.9,96.2,1
순방,96.2,96.4,1
효과가,96.4,97.0,1
있었습니다,97.0,97.5,1
근데,97.5,98.0,1
그,98.0,98.3,1
다음에,98.3,98.6,1
이희호,98.6,99.3,1
여사,99.3,99.6,1
관제사,99.6,100.3,1
회장을,100.3,101.3,1
쳤는데,101.3,101.8,1
북한에선,101.8,102.7,1
제주,102.7,103.1,1
뭐,103.1,103.2,1
좋은,103.2,103.5,1
거,103.5,103.8,1
좋아가,103.8,104.4,1
전달이,104.4,104.7,1
됐죠,104.7,104.9,1
문재인,104.9,106.3,1
대통령이,106.3,106.9,1
6월중에,106.9,107.7,1
남북정사회담,107.7,108.4,1
가능성도,108.4,109.2,1
관련된,109.2,109.9,1
보도관제,109.9,110.7,1
오졌구요,110.7,111.2,1
그러면서,111.2,112.1,1
문재인,112.1,112.7,1
대통령님이,112.7,113.2,1
높아졌는데,113.2,113.8,1
좀,113.8,114.3,1
그,114.3,114.9,1
세분화해서,114.9,115.7,1
보면,115.7,116.2,1
5월,116.2,117.1,1
첫째,117.1,117.4,1
주부터,117.4,117.7,1
매우,117.7,118.1,1
잘,118.1,118.4,1
한다,118.4,118.6,1
라는,118.6,119.3,1
의견이,119.3,119.7,1
잘한다는,119.7,120.4,1
잘하는,120.4,121.1,1
편보다,121.1,121.5,1
높아졌습니다,121.5,122.2,1
지나,122.2,123.4,1
5월초부터,123.4,123.9,1
그렇게,123.9,124.5,1
됐는데요,124.5,124.9,1
이게,124.9,125.5,1
이제,125.5,125.6,1
국회단지,125.6,126.8,1
폭력사태로,126.8,127.6,1
인원,127.6,127.8,1
파악,127.8,128.0,1
그다음에,128.0,128.7,1
한국당,128.7,129.9,1
의원들,129.9,129.9,1
막말,129.9,130.6,1
이어지면서,130.6,132.2,1
어떻게,132.2,133.0,1
보는지에,133.0,133.4,1
문재인,133.4,133.8,1
대통령,133.8,134.1,1
정통성에,134.1,134.7,1
11번은,134.7,135.5,1
촛불을,135.5,137.5,1
들었던,137.5,137.8,1
그,137.8,138.9,1
계층들이,138.9,139.4,1
다시,139.4,140.0,1
결집하는,140.0,140.5,1
모습,140.5,140.9,1
그동안은,140.9,142.4,1
굉장히,142.4,142.9,1
오랫동안,142.9,143.4,1
잘,143.4,143.5,1
하는,143.5,143.7,1
편이에요,143.7,144.0,1
봤습니다,144.0,144.4,1
구정,144.4,145.4,1
평가는,145.4,145.7,1
매우,145.7,146.0,1
잘,146.0,146.3,1
못,146.3,146.5,1
한다는,146.5,146.9,1
의견이,146.9,147.4,1
높아서,147.4,147.7,1
그래,147.7,147.9,1
근데,147.9,148.0,1
그,148.0,148.6,1
같은,148.6,149.6,1
48%,149.6,150.6,1
9%,150.6,151.0,1
지만,151.0,151.6,1
매우,151.6,152.1,1
잘,152.1,152.3,1
한다는,152.3,152.8,1
것이,152.8,153.0,1
승이,153.0,153.3,1
아주,153.3,153.5,1
결집하고,153.5,154.1,1
있다,154.1,154.3,1
이런,154.3,154.6,1
경향성이,154.6,155.5,1
발견이,155.5,155.9,1
되면서,155.9,156.4,1
오차범위를,156.4,157.7,1
없는,157.7,158.0,1
근접효과,158.0,158.4,1
나타난,158.4,158.9,1
것은,158.9,159.2,1
저는,159.2,159.5,1
이번에,159.5,160.4,1
그,160.4,160.7,1
격벽과,160.7,161.1,1
소폭이지만,161.1,161.7,1
올,161.7,162.2,1
뉴,162.2,163.0,1
중에,163.0,163.3,1
가장,163.3,163.6,1
큰,163.6,163.8,1
이유를,163.8,164.3,1
순방,164.3,165.2,1
유교,165.2,165.5,1
선거로,165.5,166.2,1
봅니다,166.2,166.5,1
왜냐하면,166.5,166.8,1
민경욱,166.8,168.2,1
대변인,168.2,168.3,1
한국당대변인,168.3,169.8,1
질이라는,169.8,171.4,1
발원했습니다,171.4,172.1,1
온라인,172.1,172.8,1
좀,172.8,172.9,1
됐습니다,172.9,173.3,1
1분,174.3,176.0,1
이제,176.0,176.2,1
신문에서,176.2,176.8,1
또,176.8,177.0,1
비판론,177.0,177.6,1
떠났습니다,177.6,178.2,1
일하다,178.2,178.9,1
보니까,178.9,179.2,1
국민들이,179.2,179.8,1
그,179.8,180.6,1
대통령,180.6,181.1,1
순방,181.1,181.3,1
에,181.3,181.6,1
대해서,181.6,182.0,1
좀,182.0,182.2,1
깊이,182.2,182.8,1
들여다보는,182.8,183.1,1
계기가,183.1,183.9,1
되었던,183.9,184.1,1
것은,184.1,184.5,1
과연,184.5,184.7,1
어떻게,184.7,185.1,1
하고,185.1,185.3,1
있지,185.3,185.6,1
라고,185.6,185.8,1
관심을,185.8,186.2,1
귤,186.2,187.0,1
했는데,187.0,187.4,1
오슬로,187.4,188.3,1
사는,188.3,188.7,1
오늘,188.7,189.2,1
하면서,189.2,189.6,1
평화를,189.6,190.3,1
도광제,190.3,190.8,1
했고요,190.8,191.2,1
거기에,191.2,191.8,1
머물지,191.8,192.4,1
않고,192.4,192.5,1
스타트업,192.5,193.5,1
에,193.5,193.6,1
대한,193.6,193.8,1
생태계를,193.8,194.3,1
광주,194.3,194.7,1
한다든가,194.7,195.1,1
부산,195.1,196.0,1
헬싱키,196.0,196.6,1
직항노선,196.6,197.3,1
그다음에,197.3,198.0,1
이제,198.0,198.2,1
그,198.2,198.2,1
제약사의,198.2,199.2,1
투자를,199.2,199.6,1
유치하고,199.6,199.7,1
이런,199.7,200.3,1
경제정보를,200.3,201.3,1
같이,201.3,201.7,1
하셨거든요,201.7,202.5,1
이런,202.5,203.1,1
것들이,203.1,203.6,1
국민들,203.6,203.7,1
눈에,203.7,204.3,1
신선하게,204.3,205.4,1
보였다,205.4,205.7,1
하나,205.7,206.8,1
있고요,206.8,207.1,1
그리고,207.1,207.6,1
u-20,207.6,209.2,1
월드컵,209.2,209.7,1
우리,209.7,210.5,1
그,210.5,210.9,1
어린,210.9,211.9,1
우리,211.9,212.5,1
축구,212.5,213.1,1
대표,213.1,213.4,1
축구,213.4,213.5,1
대표팀의,213.5,214.1,1
선전,214.1,214.6,1
이것도,214.6,215.2,1
또,215.2,215.4,1
영향을,215.4,215.7,1
미쳤고,215.7,216.1,1
요,216.1,216.2,1
국회,216.2,216.9,1
가진,216.9,217.2,1
마비,217.2,217.5,1
중이지만,217.5,217.9,1
나름대로,217.9,218.8,1
정부하고,218.8,219.8,1
그당이,219.8,220.7,1
일을,220.7,221.1,1
하고,221.1,221.3,1
있다,221.3,221.5,1
당정협의,221.5,222.2,1
를,222.2,222.3,1
통해서,222.3,222.7,1
뭔가,222.7,223.3,1
일을,223.3,223.6,1
하고,223.6,223.8,1
있다니,223.8,224.1,1
이미지를,224.1,224.5,1
좀,224.5,224.6,1
준,224.6,224.8,1
측면도,224.8,225.2,1
있습니다,225.2,225.5,1
이제,225.5,225.6,1
구미와,225.6,226.3,1
밀양에,226.3,227.0,1
상생형,227.0,227.5,1
일자리,227.5,228.0,1
강조,228.0,228.4,1
했고요,228.4,228.7,1
2장,228.7,229.5,1
통장,229.5,229.9,1
그대,229.9,230.2,1
그리고,230.2,230.6,1
군사병,230.6,231.2,1
들을,231.2,231.4,1
월급,231.4,231.7,1
급여,231.7,231.8,1
이런,231.8,232.4,1
것들이,232.4,232.7,1
좀,232.7,232.7,1
인상하면서,232.7,233.3,1
뭔가,233.3,233.6,1
국회,233.6,234.2,1
꽉,234.3,234.9,1
막혀,234.9,235.3,1
있지만,235.3,235.7,1
정부,235.7,237.2,1
여당이,237.2,237.6,1
좀,237.6,238.0,1
일을,238.0,238.3,1
하고,238.3,238.6,1
있구나,238.6,238.9,1
일하는,238.9,239.3,1
어떤,239.3,239.7,1
성당,239.7,240.0,1
이미지,240.0,240.3,1
일하는,240.3,240.9,1
세력,240.9,241.2,1
이미지를,241.2,241.6,1
좀,241.6,241.7,1
준,241.7,242.0,1
게,242.0,242.1,1
아닌가,242.1,242.3,1
그런,242.3,242.9,1
사람이,242.9,243.1,1
강기정,243.1,244.3,1
정무수석과,244.3,245.0,1
북경,245.0,245.5,1
정무비서관,245.5,246.1,1
바로,246.1,246.7,1
온,246.7,246.8,1
거,246.8,247.2,1
관련해서는,247.2,248.0,1
여론이,248.0,248.2,1
어떤,248.2,248.5,1
평가를,248.5,248.7,1
내렸다,248.7,249.0,1
옷이,249.0,249.4,1
그게,249.4,250.0,1
그,250.0,251.3,1
영향을,251.3,251.7,1
미치지,251.7,252.0,1
않은,252.0,252.2,1
거,252.2,252.4,1
같아,252.4,252.5,1
왜냐면,252.5,253.0,1
이게,253.0,253.6,1
국회,253.6,254.1,1
청원,254.1,254.5,1
에,254.5,254.6,1
대한,254.6,254.9,1
답변,254.9,255.2,1
성격이,255.2,255.6,1
하나,255.6,255.8,1
있었잖아,255.8,256.1,1
그냥,256.1,256.8,1
글씨,256.8,257.3,1
나오는,257.3,257.5,1
것은,257.5,257.9,1
아니거든,257.9,258.2,1
교통이,258.2,258.8,1
올라가고,258.8,259.3,1
나,259.3,259.4,1
보니까,259.4,259.9,1
정호,259.9,260.5,1
수학,260.5,260.7,1
오정무,260.7,261.6,1
그,261.6,261.8,1
아니,0.0,0.4,1
답변할,0.4,1.0,1
수,1.0,1.1,1
밖에,1.1,1.4,1
없었고,1.4,1.6,1
답변했고,1.6,2.1,1
두,2.1,2.6,1
번째는,2.6,3.1,1
나경원,3.1,4.1,1
원내대표,4.1,4.2,1
의,4.2,5.0,1
발언이,5.0,5.5,1
좀,5.5,5.7,1
무슨,5.7,6.1,1
됐다는,6.1,6.9,1
측면,6.9,7.2,1
있으면,7.2,7.5,1
첫,7.5,8.0,1
번째는,8.0,8.3,1
청와대에,8.3,9.3,1
끼지마라,9.3,9.8,1
빠져라,9.8,10.3,1
뒤로,10.3,10.7,1
이런,10.7,11.2,1
얘기를,11.2,11.4,1
했다가,11.4,11.9,1
어느덧,11.9,12.6,1
본인한테,12.6,13.1,1
연락이,13.1,13.4,1
없다,13.4,13.6,1
전화,13.6,14.3,1
한,14.3,14.4,1
통,14.4,14.5,1
없다,14.5,14.7,1
이런,14.7,14.9,1
얘기를,14.9,15.1,1
했는데,15.1,15.9,1
청와대가,15.9,16.7,1
해명한,16.7,17.1,1
걸,17.1,17.3,1
보면,17.3,17.6,1
원내수석부대표,17.6,20.6,1
같아,20.6,20.8,1
연락을,20.8,21.2,1
했다,21.2,21.4,1
정양석,21.4,22.0,1
그리고,22.0,22.4,1
이현승,22.4,23.5,1
그,23.5,23.7,1
당대표,23.7,24.2,1
비서실장,24.2,24.3,1
한테도,24.3,25.1,1
수시로,25.1,25.6,1
이야기했다,25.6,26.2,1
이런,26.2,26.5,1
얘기들이,26.5,26.9,1
나오고,26.9,27.0,1
나왔기,27.0,27.6,1
때문에,27.6,28.1,1
그,28.1,28.7,1
내부에,28.7,29.4,1
소통의,29.4,29.8,1
문제가,29.8,30.1,1
아니야,30.1,30.3,1
한국당,30.3,30.8,1
내부의,30.8,31.1,1
일어났던,31.1,31.6,1
반박도,31.6,32.3,1
충분히,32.3,32.6,1
가능,32.6,32.9,1
했거든요,32.9,33.4,1
보니까,33.4,34.4,1
어떤,34.4,34.9,1
청와대에서,34.9,35.7,1
이런,35.7,35.9,1
민감한,35.9,36.4,1
바른,36.4,36.7,1
한,36.7,36.9,1
것이,36.9,37.2,1
그,37.2,37.9,1
다,37.9,38.0,1
결혼의,38.0,38.4,1
불리하게,38.4,39.0,1
작동,39.0,39.5,1
한,39.5,39.8,1
것,39.8,40.0,1
같진,40.0,40.3,1
않습니다,40.3,40.4,1
보는,40.4,41.6,1
것이,41.6,42.0,1
이,42.0,42.4,1
강기정,42.4,43.1,1
추석에,43.1,43.7,1
대한,43.7,43.9,1
바로는,43.9,44.9,1
선관위에서,44.9,45.6,1
내,45.6,45.9,1
문제가,45.9,46.2,1
없다고,46.2,46.5,1
이제,46.5,47.0,1
해명을,47.0,47.8,1
행적이,47.8,48.5,1
됐고,48.5,48.8,1
두,48.8,49.3,1
번째,49.3,49.5,1
국민소환제,49.5,50.1,1
여론조사에서,50.1,51.3,1
이제,51.3,51.8,1
70%,51.8,52.4,1
이상이,52.4,52.8,1
소환,52.8,53.2,1
해야,53.2,53.4,1
된다는,53.4,53.8,1
찬성의견이,53.8,54.4,1
높았기,54.4,54.7,1
때문에,54.7,55.1,1
이,55.1,55.5,1
두산은,55.5,56.5,1
당첨의,56.5,57.7,1
유리하게,57.7,58.4,1
작용했다,58.4,58.6,1
고,58.6,58.8,1
밝혔다,58.8,59.2,1
아니,0.0,0.4,1
답변할,0.4,1.0,1
수,1.0,1.1,1
밖에,1.1,1.4,1
없었고,1.4,1.6,1
답변했고,1.6,2.1,1
두,2.1,2.6,1
번째는,2.6,3.1,1
나경원,3.1,4.1,1
원내대표,4.1,4.2,1
의,4.2,5.0,1
발언이,5.0,5.5,1
좀,5.5,5.7,1
무슨,5.7,6.1,1
됐다는,6.1,6.9,1
측면,6.9,7.2,1
있으면,7.2,7.5,1
첫,7.5,8.0,1
번째는,8.0,8.3,1
청와대에,8.3,9.3,1
끼지마라,9.3,9.8,1
빠져라,9.8,10.3,1
뒤로,10.3,10.7,1
이런,10.7,11.2,1
얘기를,11.2,11.4,1
했다가,11.4,11.9,1
어느덧,11.9,12.6,1
본인한테,12.6,13.1,1
연락이,13.1,13.4,1
없다,13.4,13.6,1
전화,13.6,14.3,1
한,14.3,14.4,1
통,14.4,14.5,1
없다,14.5,14.7,1
이런,14.7,14.9,1
얘기를,14.9,15.1,1
했는데,15.1,15.9,1
청와대가,15.9,16.7,1
해명한,16.7,17.1,1
걸,17.1,17.3,1
보면,17.3,17.6,1
원내수석부대표,17.6,20.6,1
같아,20.6,20.8,1
연락을,20.8,21.2,1
했다,21.2,21.4,1
정양석,21.4,22.0,1
그리고,22.0,22.4,1
이현승,22.4,23.5,1
그,23.5,23.7,1
당대표,23.7,24.2,1
비서실장,24.2,24.3,1
한테도,24.3,25.1,1
수시로,25.1,25.6,1
이야기했다,25.6,26.2,1
이런,26.2,26.5,1
얘기들이,26.5,26.9,1
나오고,26.9,27.0,1
나왔기,27.0,27.6,1
때문에,27.6,28.1,1
그,28.1,28.7,1
내부에,28.7,29.4,1
소통의,29.4,29.8,1
문제가,29.8,30.1,1
아니야,30.1,30.3,1
한국당,30.3,30.8,1
내부의,30.8,31.1,1
일어났던,31.1,31.6,1
반박도,31.6,32.3,1
충분히,32.3,32.6,1
가능,32.6,32.9,1
했거든요,32.9,33.4,1
보니까,33.4,34.4,1
어떤,34.4,34.9,1
청와대에서,34.9,35.7,1
이런,35.7,35.9,1
민감한,35.9,36.4,1
바른,36.4,36.7,1
한,36.7,36.9,1
것이,36.9,37.2,1
그,37.2,37.9,1
다,37.9,38.0,1
결혼의,38.0,38.4,1
불리하게,38.4,39.0,1
작동,39.0,39.5,1
한,39.5,39.8,1
것,39.8,40.0,1
같진,40.0,40.3,1
않습니다,40.3,40.4,1
보는,40.4,41.6,1
것이,41.6,42.0,1
이,42.0,42.4,1
강기정,42.4,43.1,1
추석에,43.1,43.7,1
대한,43.7,43.9,1
바로는,43.9,44.9,1
선관위에서,44.9,45.6,1
내,45.6,45.9,1
문제가,45.9,46.2,1
없다고,46.2,46.5,1
이제,46.5,47.0,1
해명을,47.0,47.8,1
행적이,47.8,48.5,1
됐고,48.5,48.8,1
두,48.8,49.3,1
번째,49.3,49.5,1
국민소환제,49.5,50.1,1
여론조사에서,50.1,51.3,1
이제,51.3,51.8,1
70%,51.8,52.4,1
이상이,52.4,52.8,1
소환,52.8,53.2,1
해야,53.2,53.4,1
된다는,53.4,53.8,1
찬성의견이,53.8,54.4,1
높았기,54.4,54.7,1
때문에,54.7,55.1,1
이,55.1,55.5,1
두산은,55.5,56.5,1
당첨의,56.5,57.7,1
유리하게,57.7,58.4,1
작용했다,58.4,58.6,1
고,58.6,58.8,1
밝혔다,58.8,59.2,1
강기정,59.9,60.6,1
정무수석은,60.6,61.4,1
정당해산청구,61.4,63.1,1
와,63.1,63.3,1
관련해서,63.3,63.8,1
선거에서,63.8,64.8,1
4,64.8,65.3,1
4,65.3,65.3,1
*,65.3,65.8,1
5,65.8,65.8,1
유권자가,65.8,66.4,1
판단을,66.4,67.3,1
몫이라고,67.3,67.7,1
했고,67.7,68.0,1
국민소환제,68.0,69.2,1
에,69.2,69.2,1
대한,69.2,69.6,1
국민,69.6,70.0,1
청원,70.0,70.3,1
에,70.3,70.4,1
대한,70.4,70.7,1
답변을,70.7,71.1,1
복귀한,71.1,71.6,1
비서관이,71.6,72.3,1
국회,72.3,73.6,1
에서,73.6,73.9,1
이탈리안,73.9,74.5,1
와야,74.5,74.7,1
된다,74.7,74.9,1
이게,74.9,75.8,1
통과돼야,75.8,76.2,1
된다는,76.2,76.7,1
그런,76.7,76.8,1
얘기를,76.8,77.6,1
줘,77.6,77.9,1
이번,77.9,78.9,1
주에는,78.9,79.8,1
정치권,79.8,81.3,1
대통령의,81.3,82.3,1
국정,82.3,82.6,1
수행,82.6,82.8,1
평가,82.8,83.2,1
그다음에,83.2,83.6,1
어떤,83.6,84.5,1
부분이,84.5,84.9,1
가장,84.9,85.1,1
영향을,85.1,85.5,1
미칠까요,85.5,85.9,1
첫,85.9,86.4,1
번째로,86.4,86.8,1
윤성열,86.8,87.6,1
경찰청장,87.6,89.0,1
후보자,89.0,89.1,1
이기용,89.1,89.6,1
하지,89.6,89.8,1
않았습니까,89.8,90.2,1
이,90.2,90.7,1
부분이,90.7,91.1,1
여론의,91.1,91.5,1
가장,91.5,91.8,1
크게,91.8,92.1,1
영향을,92.1,92.4,1
미칠,92.4,92.7,1
것,92.7,92.8,1
같아,92.8,93.0,1
어느,93.0,93.3,1
방향으로,93.3,93.7,1
긍정적으로,93.7,94.9,1
검찰개혁이,94.9,96.6,1
다둥이,96.6,96.9,1
조교가,96.9,97.4,1
높고,97.4,97.7,1
2분,97.7,98.1,1
이제,98.1,98.3,1
칼잡이,98.3,98.8,1
로,98.8,98.9,1
유명,98.9,99.2,1
하지,99.2,99.4,1
않습니까,99.4,99.7,1
권력형비리,99.7,100.8,1
문제에,100.8,101.4,1
대해서,101.4,101.7,1
단호하게,101.7,102.1,1
대처,102.1,102.4,1
있기,102.4,102.5,1
때문에,102.5,103.0,1
대통령의,103.0,104.9,1
어떤,104.9,105.3,1
검찰개혁의,105.3,106.0,1
지,106.0,106.2,1
이런,106.2,106.8,1
것들이,106.8,107.1,1
국민들이,107.1,107.7,1
눈여겨,107.7,108.6,1
볼,108.6,108.9,1
거다,108.9,109.0,1
이렇게,109.0,109.5,1
생각이,109.5,109.8,1
들고요,109.8,110.1,1
두,110.1,110.2,1
번째는,110.2,110.6,1
8개,110.6,110.9,1
정상화,110.9,111.4,1
관련해서,111.4,111.8,1
자연,111.8,112.7,1
관찰,112.7,113.5,1
할,113.5,113.8,1
거냐,113.8,114.1,1
이게,114.1,114.5,1
세,114.5,115.7,1
번째는,115.7,116.1,1
그,116.1,116.8,1
제조업르네상스,116.8,117.3,1
이와,117.3,118.4,1
관련해서,118.4,118.9,1
규제혁파,118.9,119.6,1
아니,0.0,0.4,1
답변할,0.4,1.0,1
수,1.0,1.1,1
밖에,1.1,1.4,1
없었고,1.4,1.6,1
답변했고,1.6,2.1,1
두,2.1,2.6,1
번째는,2.6,3.1,1
나경원,3.1,4.1,1
원내대표,4.1,4.2,1
의,4.2,5.0,1
발언이,5.0,5.5,1
좀,5.5,5.7,1
무슨,5.7,6.1,1
됐다는,6.1,6.9,1
측면,6.9,7.2,1
있으면,7.2,7.5,1
첫,7.5,8.0,1
번째는,8.0,8.3,1
청와대에,8.3,9.3,1
끼지마라,9.3,9.8,1
빠져라,9.8,10.3,1
뒤로,10.3,10.7,1
이런,10.7,11.2,1
얘기를,11.2,11.4,1
했다가,11.4,11.9,1
어느덧,11.9,12.6,1
본인한테,12.6,13.1,1
연락이,13.1,13.4,1
없다,13.4,13.6,1
전화,13.6,14.3,1
한,14.3,14.4,1
통,14.4,14.5,1
없다,14.5,14.7,1
이런,14.7,14.9,1
얘기를,14.9,15.1,1
했는데,15.1,15.9,1
청와대가,15.9,16.7,1
해명한,16.7,17.1,1
걸,17.1,17.3,1
보면,17.3,17.6,1
원내수석부대표,17.6,20.6,1
같아,20.6,20.8,1
연락을,20.8,21.2,1
했다,21.2,21.4,1
정양석,21.4,22.0,1
그리고,22.0,22.4,1
이현승,22.4,23.5,1
그,23.5,23.7,1
당대표,23.7,24.2,1
비서실장,24.2,24.3,1
한테도,24.3,25.1,1
수시로,25.1,25.6,1
이야기했다,25.6,26.2,1
이런,26.2,26.5,1
얘기들이,26.5,26.9,1
나오고,26.9,27.0,1
나왔기,27.0,27.6,1
때문에,27.6,28.1,1
그,28.1,28.7,1
내부에,28.7,29.4,1
소통의,29.4,29.8,1
문제가,29.8,30.1,1
아니야,30.1,30.3,1
한국당,30.3,30.8,1
내부의,30.8,31.1,1
일어났던,31.1,31.6,1
반박도,31.6,32.3,1
충분히,32.3,32.6,1
가능,32.6,32.9,1
했거든요,32.9,33.4,1
보니까,33.4,34.4,1
어떤,34.4,34.9,1
청와대에서,34.9,35.7,1
이런,35.7,35.9,1
민감한,35.9,36.4,1
바른,36.4,36.7,1
한,36.7,36.9,1
것이,36.9,37.2,1
그,37.2,37.9,1
다,37.9,38.0,1
결혼의,38.0,38.4,1
불리하게,38.4,39.0,1
작동,39.0,39.5,1
한,39.5,39.8,1
것,39.8,40.0,1
같진,40.0,40.3,1
않습니다,40.3,40.4,1
보는,40.4,41.6,1
것이,41.6,42.0,1
이,42.0,42.4,1
강기정,42.4,43.1,1
추석에,43.1,43.7,1
대한,43.7,43.9,1
바로는,43.9,44.9,1
선관위에서,44.9,45.6,1
내,45.6,45.9,1
문제가,45.9,46.2,1
없다고,46.2,46.5,1
이제,46.5,47.0,1
해명을,47.0,47.8,1
행적이,47.8,48.5,1
됐고,48.5,48.8,1
두,48.8,49.3,1
번째,49.3,49.5,1
국민소환제,49.5,50.1,1
여론조사에서,50.1,51.3,1
이제,51.3,51.8,1
70%,51.8,52.4,1
이상이,52.4,52.8,1
소환,52.8,53.2,1
해야,53.2,53.4,1
된다는,53.4,53.8,1
찬성의견이,53.8,54.4,1
높았기,54.4,54.7,1
때문에,54.7,55.1,1
이,55.1,55.5,1
두산은,55.5,56.5,1
당첨의,56.5,57.7,1
유리하게,57.7,58.4,1
작용했다,58.4,58.6,1
고,58.6,58.8,1
밝혔다,58.8,59.2,1
강기정,59.9,60.6,1
정무수석은,60.6,61.4,1
정당해산청구,61.4,63.1,1
와,63.1,63.3,1
관련해서,63.3,63.8,1
선거에서,63.8,64.8,1
4,64.8,65.3,1
4,65.3,65.3,1
*,65.3,65.8,1
5,65.8,65.8,1
유권자가,65.8,66.4,1
판단을,66.4,67.3,1
몫이라고,67.3,67.7,1
했고,67.7,68.0,1
국민소환제,68.0,69.2,1
에,69.2,69.2,1
대한,69.2,69.6,1
국민,69.6,70.0,1
청원,70.0,70.3,1
에,70.3,70.4,1
대한,70.4,70.7,1
답변을,70.7,71.1,1
복귀한,71.1,71.6,1
비서관이,71.6,72.3,1
국회,72.3,73.6,1
에서,73.6,73.9,1
이탈리안,73.9,74.5,1
와야,74.5,74.7,1
된다,74.7,74.9,1
이게,74.9,75.8,1
통과돼야,75.8,76.2,1
된다는,76.2,76.7,1
그런,76.7,76.8,1
얘기를,76.8,77.6,1
줘,77.6,77.9,1
이번,77.9,78.9,1
주에는,78.9,79.8,1
정치권,79.8,81.3,1
대통령의,81.3,82.3,1
국정,82.3,82.6,1
수행,82.6,82.8,1
평가,82.8,83.2,1
그다음에,83.2,83.6,1
어떤,83.6,84.5,1
부분이,84.5,84.9,1
가장,84.9,85.1,1
영향을,85.1,85.5,1
미칠까요,85.5,85.9,1
첫,85.9,86.4,1
번째로,86.4,86.8,1
윤성열,86.8,87.6,1
경찰청장,87.6,89.0,1
후보자,89.0,89.1,1
이기용,89.1,89.6,1
하지,89.6,89.8,1
않았습니까,89.8,90.2,1
이,90.2,90.7,1
부분이,90.7,91.1,1
여론의,91.1,91.5,1
가장,91.5,91.8,1
크게,91.8,92.1,1
영향을,92.1,92.4,1
미칠,92.4,92.7,1
것,92.7,92.8,1
같아,92.8,93.0,1
어느,93.0,93.3,1
방향으로,93.3,93.7,1
긍정적으로,93.7,94.9,1
검찰개혁이,94.9,96.6,1
다둥이,96.6,96.9,1
조교가,96.9,97.4,1
높고,97.4,97.7,1
2분,97.7,98.1,1
이제,98.1,98.3,1
칼잡이,98.3,98.8,1
로,98.8,98.9,1
유명,98.9,99.2,1
하지,99.2,99.4,1
않습니까,99.4,99.7,1
권력형비리,99.7,100.8,1
문제에,100.8,101.4,1
대해서,101.4,101.7,1
단호하게,101.7,102.1,1
대처,102.1,102.4,1
있기,102.4,102.5,1
때문에,102.5,103.0,1
대통령의,103.0,104.9,1
어떤,104.9,105.3,1
검찰개혁의,105.3,106.0,1
지,106.0,106.2,1
이런,106.2,106.8,1
것들이,106.8,107.1,1
국민들이,107.1,107.7,1
눈여겨,107.7,108.6,1
볼,108.6,108.9,1
거다,108.9,109.0,1
이렇게,109.0,109.5,1
생각이,109.5,109.8,1
들고요,109.8,110.1,1
두,110.1,110.2,1
번째는,110.2,110.6,1
8개,110.6,110.9,1
정상화,110.9,111.4,1
관련해서,111.4,111.8,1
자연,111.8,112.7,1
관찰,112.7,113.5,1
할,113.5,113.8,1
거냐,113.8,114.1,1
이게,114.1,114.5,1
세,114.5,115.7,1
번째는,115.7,116.1,1
그,116.1,116.8,1
제조업르네상스,116.8,117.3,1
이와,117.3,118.4,1
관련해서,118.4,118.9,1
규제혁파,118.9,119.6,1
분들은,119.9,120.5,1
수요일,120.5,120.7,1
날,120.7,120.9,1
발표,120.9,121.1,1
할,121.1,121.3,1
것,121.3,121.4,1
같은데요,121.4,121.8,1
정부에서,121.8,122.3,1
이게,122.3,122.7,1
영향을,122.7,123.2,1
미칠지,123.2,123.8,1
또,123.8,124.0,1
언제,124.0,124.2,1
정적인,124.2,124.8,1
것은,124.8,125.2,1
인천지역에서,125.2,126.3,1
계속,126.3,126.8,1
지금,126.8,127.1,1
불금,127.1,127.6,1
수돗물이나,127.6,128.4,1
오고,128.4,128.7,1
있구만,128.7,128.9,1
28일,128.9,129.8,1
지나고,129.8,130.7,1
있습니다,130.7,130.9,1
장기화되고,130.9,131.9,1
있는데,131.9,132.3,1
얘는,132.3,132.8,1
여름이,132.8,133.2,1
안,133.2,133.3,1
좋습니다,133.3,133.8,1
이래서,133.8,134.0,1
이것이,134.0,134.4,1
수도권,134.4,135.1,1
그게,135.1,135.7,1
미칠지,135.7,136.2,1
이런,136.2,136.5,1
것도,136.5,136.7,1
대표적,136.7,138.9,1
간단하게,138.9,139.3,1
윤석열,139.3,141.2,1
검찰총장,141.2,143.1,1
20명이,143.1,145.5,1
지금,145.5,146.0,1
바쁘다,146.0,146.4,1
대표님,146.4,146.8,1
처럼,146.8,147.3,1
네,147.3,147.5,1
개,147.5,147.8,1
긍정적인,147.8,148.6,1
여름을,148.6,149.3,1
만들어냈지,149.3,150.1,1
영향을,150.1,153.0,1
미칠,153.0,153.1,1
것,153.1,153.2,1
같은데요,153.2,153.6,1
선생님,153.6,154.1,1
검경수사권,154.1,155.1,1
이,155.1,155.2,1
갈등을,155.2,155.7,1
빚고,155.7,156.2,1
있지만,156.2,156.7,1
경찰,156.7,157.3,1
보다는,157.3,157.7,1
검찰에,157.7,158.1,1
대한,158.1,158.2,1
불신이,158.2,158.7,1
여론조사,158.7,159.5,1
해,159.5,159.6,1
보면,159.6,159.8,1
그,159.8,159.9,1
그,159.9,160.0,1
동안의,160.0,160.4,1
나타났던,160.4,161.0,1
좀,161.0,162.2,1
벌금,162.2,163.1,1
검찰,163.1,164.0,1
부서,164.0,164.7,1
회식,164.7,165.0,1
없기,165.0,165.2,1
때문에,165.2,165.6,1
거기에,165.6,166.3,1
대한,166.3,166.5,1
게,166.5,167.3,1
여기,167.3,167.6,1
요거는,167.6,168.8,1
높은편입니다,168.8,170.2,1
그래서,170.2,170.6,1
그런,170.6,171.6,1
부분을,171.6,172.1,1
알고,172.1,173.0,1
있었기,173.0,173.2,1
때문에,173.2,173.6,1
일부,173.6,174.0,1
또,174.0,174.3,1
이명에,174.3,174.7,1
좋은,174.7,175.2,1
영향을,175.2,175.6,1
미친,175.6,175.8,1
것이,175.8,176.0,1
아닌가,176.0,176.2,1
싶습니다,176.2,176.3,1
알겠습니다,176.3,176.9,1
그럼,176.9,177.8,1
벌써,177.8,177.9,1
여기까지,177.9,178.1,1
쓰겠습니다,178.1,178.8,1
고맙습니다,178.8,179.0,1
